	Assignment		Reference			Inclusion & Exclusion										Extraction						
	FALSE																Release					
ID	FALSE	Acronym	Reference	Year	Venue	I1	I2	I3	E1	E2	E3	Verdict	Comment	Name	Description	Source	Source Code	Executable	License	Availability	RE Activity	Tool Task
R001	TRUE	JUF	Toews, D., & Van Holland, L. (2019, March). Determining Domain-Specific Differences of Polysemous Words Using Context Information. In REFSQ Workshops.	2019	NLP4RE	FALSE	FALSE	TRUE	FALSE	FALSE	FALSE	excluded	The authors evaluate a method but do not frame it as a tool. The method has a relationship to RE but the authors do not explain its benefit for RE				FALSE	FALSE				
R002	TRUE	JUF	Motger de la Encarnación, J., Borrull Baraut, R., Palomares Bonache, C., & Marco Gómez, J. (2019). OpenReq-DD: A requirements dependency detection tool. In Joint Proceedings of REFSQ-2019 workshops, doctoral symposium, live studies track, and poster track: co-located with the 25th International Conference on Requirements Engineering: Foundation for Software Quality (REFSQ 2019): Essen, Germany, March 18th, 2019 (pp. 1-5). CEUR-WS. org.	2019	NLP4RE	TRUE	TRUE	TRUE	FALSE	FALSE	FALSE	included		OpenReq-DD (dependency detection)	a requirements Dependency-Detection tool addressed to apply NL and Machine Learning (ML) techniques to analyze requirements and extract dependencies between them.	https://github.com/OpenReqEU/dependency-detection	TRUE	FALSE	EPL	Open Source	Management	Tracing & Relating
R003	TRUE	JUF	Gnesi, S., & Trentanni, G. (2019). QuARS: A NLP Tool for Requirements Analysis. In REFSQ Workshops.	2019	NLP4RE	FALSE	FALSE	FALSE	TRUE	FALSE	FALSE	excluded					FALSE	FALSE				
R004	TRUE	MUN	de Brock, B. (2019, March). An NL-based Foundation for Increased Traceability, Transparency, and Speed in Continuous Development of Information Systems. In REFSQ Workshops.	2019	NLP4RE	TRUE	FALSE	FALSE	FALSE	FALSE	FALSE	excluded					FALSE	FALSE				
R005	TRUE	JUF	Wang, L., Nakagawa, H., & Tsuchiya, T. (2020). Opinion Analysis and Organization of Mobile Application User Reviews. In REFSQ Workshops.	2020	NLP4RE	TRUE	TRUE	TRUE	FALSE	FALSE	FALSE	included		User Review Miner	A tool that takes a multi-sentence user review as an input and classifies them regarding the contained sentiment towards various aspects of the application using CNNs.		FALSE	FALSE	Unknown	Unavailable	Elicitation	Classification
R006	TRUE	JUF	Jain, V., Malhotra, R., Jain, S., & Tanwar, N. (2019). Cross-domain ambiguity detection using linear transformation of word embedding spaces. arXiv preprint arXiv:1910.12956.	2020	NLP4RE	FALSE	FALSE	TRUE	FALSE	FALSE	FALSE	excluded	Similar case to R001: the authors present and evaluate a method but not a tool.		a global-context approach which makes use of linear transformation to map various domain-specific language models into a unified embedding space, allowing comparison of word embeddings trained from different corpora		FALSE	FALSE				
R007	TRUE	MUN	Bacco, M., Brunori, G., Dell'Orletta, F., & Ferrari, A. (2020). Using NLP to Support Terminology Extraction and Domain Scoping: Report on the H2020 DESIRA Project. In REFSQ Workshops.	2020	NLP4RE	FALSE	FALSE	TRUE	FALSE	FALSE	FALSE	excluded	T2K is not an original contribution in the paper and the Wikipedia Crawler does not seem to use NLP techniques.				FALSE	FALSE				
R008	TRUE	MUN	Arrabito, M., Fantechi, A., Gnesi, S., & Semini, L. (2020). A comparison of NLP Tools for RE to extract Variation Points. In REFSQ Workshops.	2020	NLP4RE	TRUE	FALSE	FALSE	FALSE	FALSE	FALSE	excluded	Existing tools are compared but no new contribution is presented.				FALSE	FALSE				
R009	TRUE	JUF	Kleebaum, A., Paech, B., Johanssen, J. O., & Bruegge, B. (2021). Continuous Rationale Identification in Issue Tracking and Version Control Systems.	2021	NLP4RE	TRUE	TRUE	TRUE	FALSE	FALSE	FALSE	included		ConDec	The classifier predicts whether the textual parts in the Jira issue description, comments, or commit messages are relevant decision knowledge elements and—if yes—it annotates the parts accordingly.	https://github.com/cures-hub/cures-condec-jira	TRUE	FALSE	MIT	Open Source	Management	Classification
R010	TRUE	JUF	Khatamino, P., Camli, M. B., Öztekin, B., Gozumoglu, U., Tortumlu, E., & Gezer, H. M. (2021). An NLP-based Chatbot to Facilitate RE Activities: An Experience Paper on Human Resources Application. In REFSQ Workshops.	2021	NLP4RE	FALSE	TRUE	TRUE	FALSE	FALSE	FALSE	excluded	The authors claim that "Collecting and analyzing user feedback" is a feature that the tool will automate in the future. Without this feature, the tool merely connects multiple workspace apps, which is not an RE-specific activity.	Super App Chatbot	a chatbot that acts as a quick interface to multiple applications that are used within the company on a daily basis in order to prevent the frequent context switch by the employees.		FALSE	FALSE				
R011	TRUE	JUF	Fischbach, J., Frattini, J., & Vogelsang, A. (2021). Cira: A tool for the automatic detection of causal relationships in requirements artifacts. arXiv preprint arXiv:2103.06768.	2021	NLP4RE	FALSE	FALSE	FALSE	FALSE	FALSE	TRUE	excluded	Tool paper to R149				FALSE	FALSE				
R012	TRUE	MUN	Spijkman, T., Winter, B., Bansidhar, S., & Brinkkemper, S. (2021). Concept extraction in requirements elicitation sessions: Prototype and experimentation. In Utrecht Univ., Department of Information and Computing Sciences.	2021	NLP4RE	TRUE	TRUE	TRUE	FALSE	FALSE	FALSE	included		Key Concepts Extraction Tool	Extracts concepts which indicate configuration or customization needs from transcripts of elicitation sessions to aid business analysts. The tool identifies both known and unknown terms w.r.t. a given ontology. Known terms indicate a configuration need, unknown terms a customization need.	https://bowis.github.io/keyextractor/	TRUE	FALSE	None	Reachable	Analysis	Extraction
R013	TRUE	JUF	Chattopadhyay, A., Niu, N., Peng, Z., & Zhang, J. (2021, April). Semantic Frames for Classifying Temporal Requirements: An Exploratory Study. In REFSQ Workshops.	2021	NLP4RE	TRUE	TRUE	TRUE	FALSE	FALSE	FALSE	included		Temporal Requirements Classifier	Enhancement to Nikora's baseline classifier identifying temporal requirements		FALSE	FALSE	Unknown	Unavailable	Analysis	Classification
R014	TRUE	JUF	Gnanasekaran, R. K., Chakraborty, S., Dehlinger, J., & Deng, L. (2021). Using Recurrent Neural Networks for Classification of Natural Language-based Non-functional Requirements. In REFSQ Workshops.	2021	NLP4RE	TRUE	TRUE	TRUE	FALSE	FALSE	FALSE	included		Non-functional Requirements Classifier	A "multi-class NFR classification using a type of Recurrent Neural Network (RNN), the Long Short-Term Memory (LSTM) model" for classifying non-functional requirements.	https://github.com/rgnana1/NFR_Classification_RNN_LSTM	TRUE	FALSE	None	Reachable	Management	Classification
R015	TRUE	JUF	Leitão, V., & Medeiros, I. (2021). SRXCRM: Discovering Association Rules Between System Requirements and Product Specifications. In REFSQ Workshops.	2021	NLP4RE	TRUE	TRUE	TRUE	FALSE	FALSE	FALSE	included		SRXCRM	"a Natural Language Processing-based model able to extract and associate components from product design specifications and customer requirements, written in NL, of safety-critical systems"		FALSE	FALSE	Unknown	Unavailable	Validation & Verification	Extraction
R016	TRUE	JUF	Casillo, F., Deufemia, V., & Gravino, C. (2022). PReDUS: A Privacy Requirements Detector From User Stories. In REFSQ Workshops (Vol. 3122).	2022	NLP4RE	TRUE	TRUE	TRUE	FALSE	FALSE	FALSE	included		PReDUS	A NLP tool for the "detection of privacy content from requirements defined as User Stories"	https://github.com/fcasillo/PReDUS-A-Privacy-Requirements-Detector-from-User-Stories	TRUE	FALSE	None	Reachable	Analysis	Classification
R017	TRUE	JUF	Gröpler, R., Kutty, L., Sudhi, V., & Smalley, D. (2022). Automated Requirement Formalization Using Product Design Specifications. In REFSQ Workshops.	2022	NLP4RE	TRUE	TRUE	TRUE	FALSE	FALSE	FALSE	included	The source code of the tool is available, but under the non-open-source MS-RSL license	Requirements Formalizer	Our new approach utilizes NLP techniques to automatically generate requirement models from natural language requirements and design specifications.	https://github.com/ifak-prototypes/nlp_reform	TRUE	FALSE	MS-RSL	Reachable	Validation & Verification	Extraction
R018	TRUE	JUF	Bragilovski, M., Dalpiaz, F., & Sturm, A. (2023, January). From User Stories to Domain Models: Recommending Relationships between Entities. In CEUR Workshop Proceedings (Vol. 3378). CEUR-WS.	2023	NLP4RE	TRUE	TRUE	TRUE	FALSE	FALSE	FALSE	included		Relationship Recommender	"a machine learning-based model that recommends essential relationships between the entities that are derived from a set of user stories."	http://dx.doi.org/10.17632/tvjyw4pzsk.1	TRUE	FALSE	CC4.0	Archived	Modeling	Tracing & Relating
R019	TRUE	JUF	Fischbach, J., Junker, M., Vogelsang, A., & Freudenstein, D. (2019, September). Automated generation of test models from semi-structured requirements. In 2019 IEEE 27th International Requirements Engineering Conference Workshops (REW) (pp. 263-269). IEEE.	2019	AIRE	TRUE	TRUE	TRUE	FALSE	FALSE	FALSE	included		CEG Generator	"[A]n approach that supports practitioners in creating test models. Our approach consists of two steps: (1) automatically identify semi-structured requirements in requirements specifications and (2) automatically transform the identified semi-structured requirements into Cause-Effect-Graphs (CEG)"	https://github.com/fischJan/Automated_CEG_Creation	TRUE	FALSE	None	Reachable	Validation & Verification	Extraction
R020	TRUE	JUF	Anish, P. R., Sainani, A., Ahmed, A., & Ghaisas, S. (2019, September). Implementation-Centric Classification of Business Rules from Documents. In 2019 IEEE 27th International Requirements Engineering Conference Workshops (REW) (pp. 227-233). IEEE.	2019	AIRE	TRUE	TRUE	TRUE	FALSE	FALSE	FALSE	included		Business Rule Implementation Classifier	A deep-learning tool for classifying business rules from user requirements specifications into implementation-centric classes.		FALSE	FALSE	Unknown	Unavailable	Modeling	Classification
R021	TRUE	JUF	Mishra, S., & Sharma, A. (2019, September). On the use of word embeddings for identifying domain specific ambiguities in requirements. In 2019 IEEE 27th International Requirements Engineering Conference Workshops (REW) (pp. 234-240). IEEE.	2019	AIRE	TRUE	TRUE	TRUE	FALSE	FALSE	FALSE	included		Ambiguous Words Detector	A "word2vec algorithm for detection of domain specific ambiguity in natural language requirement"		FALSE	FALSE	Unknown	Unavailable	Analysis	Detection
R022	TRUE	JUF	Sonbol, R., Rebdawi, G., & Ghneim, N. (2020, September). Towards a semantic representation for functional software requirements. In 2020 IEEE Seventh International Workshop on Artificial Intelligence for Requirements Engineering (AIRE) (pp. 1-8). IEEE.	2020	AIRE	TRUE	TRUE	TRUE	FALSE	FALSE	FALSE	included		RecVec Converter	"This method takes a requirement text as input and produces a ReqVec for that requirement. ReqVec is a semantic vector representation for the requirement, which could be used in many requirement-related applications, such as, requirement categorization, the relatedness of two requirements detection, etc."		FALSE	FALSE	Unknown	Upon Request	Multiple	Extraction
R023	TRUE	JUF	Chatterjee, R., Ahmed, A., & Anish, P. R. (2020, September). Identification and classification of architecturally significant functional requirements. In 2020 IEEE Seventh International Workshop on Artificial Intelligence for Requirements Engineering (AIRE) (pp. 9-17). IEEE.	2020	AIRE	TRUE	TRUE	TRUE	FALSE	FALSE	FALSE	included		ASFR Identifier and Classifier	A "sequence-based modelling approach to automate the identification and classification of ASFRs from SRS documents"		FALSE	FALSE	Unknown	Unavailable	Modeling	Classification
R024	TRUE	MUN	Unterkalmsteiner, M. (2020, September). TT-RecS: The Taxonomic Trace Recommender System. In 2020 IEEE Seventh International Workshop on Artificial Intelligence for Requirements Engineering (AIRE) (pp. 18-21). IEEE.	2020	AIRE	TRUE	TRUE	TRUE	FALSE	FALSE	FALSE	included		TT-RecS	The tool supports the annotation of requirements with concepts from a domain-specific taxonomy, providing suggestions which concepts fit to the requirement content. The goal is to enable traceability through the use of a taxonomy, assuming that downstream artifacts are also classified.	https://zenodo.org/record/3827169	TRUE	FALSE	Apache 2.0	Archived	Management	Tracing & Relating
R025	TRUE	MUN	Zhao, G., Li, T., & Yang, Z. (2020, September). An extended knowledge representation learning approach for context-based traceability link recovery. In 2020 IEEE Seventh International Workshop on Artificial Intelligence for Requirements Engineering (AIRE) (pp. 22-22). IEEE.	2020	AIRE	TRUE	TRUE	TRUE	FALSE	FALSE	FALSE	included		Traceability Link Recovery-Knowledge Representation Learning (TLR-KRL)	The tool recovers requirements traceability links between use cases and code based on Extended DKRL. Specifically, we extends the DKRL model to comprehensively characterize software artifacts by embedding both text information and structural relationships. Such meaningful embeddings are then used to train traceability link classifiers by using supervised machine learning algorithm.	https://github.com/Shniya3/TLR-KRL	TRUE	FALSE	None	Reachable	Management	Tracing & Relating
R026	TRUE	JUF	Liu, Y., Lin, J., Cleland-Huang, J., Vierhauser, M., Guo, J., & Lohar, S. (2020, September). SENET: a semantic web for supporting automation of software engineering tasks. In 2020 IEEE Seventh International Workshop on Artificial Intelligence for Requirements Engineering (AIRE) (pp. 23-32). IEEE.	2020	AIRE	FALSE	FALSE	TRUE	FALSE	FALSE	FALSE	excluded	This paper presents an approach to build a "semantic network" (i.e., ontology) for software engineering which helps in the application of NLP. However, the authors do not describe any relevance to the field of RE.				FALSE	FALSE				
R027	TRUE	JUF	Gülle, K. J., Ford, N., Ebel, P., Brokhausen, F., & Vogelsang, A. (2020, September). Topic modeling on user stories using word mover's distance. In 2020 IEEE Seventh International Workshop on Artificial Intelligence for Requirements Engineering (AIRE) (pp. 52-60). IEEE.	2020	AIRE	TRUE	TRUE	TRUE	FALSE	FALSE	FALSE	included		Requirements Clustering Algorithm	A "method to cluster requirements through the combined use of topic modeling techniques and similarity metrics based on word embeddings. The goal is to provide the basis for an automatic solution that identifies groups of requirements or features in crowd-sourced data"		FALSE	FALSE	Unknown	Unavailable	Elicitation	Extraction
R028	TRUE	MUN	Frattini, J. (2020, September). CEREC: Causality Extraction from Requirements Artifacts. In 2020 IEEE Seventh International Workshop on Artificial Intelligence for Requirements Engineering (AIRE) (pp. 79-82). IEEE.	2020	AIRE	TRUE	TRUE	TRUE	FALSE	FALSE	FALSE	included		Cause-effect recognition (CEREC)	The CEREC library provides a syntactic approach to causality extraction, which is applicable to requirements engineering and can be integrated into a model-based testing pipeline.	https://zenodo.org/record/4009160	TRUE	FALSE	MIT	Archived	Validation & Verification	Classification
R029	TRUE	MUN	Khoshmanesh, S., & Lutz, R. (2020, September). Does Link Prediction Help Find Feature Interactions in Software Product Lines?. In 2020 IEEE Seventh International Workshop on Artificial Intelligence for Requirements Engineering (AIRE) (pp. 87-90). IEEE.	2020	AIRE	TRUE	TRUE	FALSE	FALSE	FALSE	FALSE	excluded	Borderline case. The paper does not mention any NLP technology, but step3 in Figure 1 may include some NLP techniques. However, this is a smaller part of the overall analysis proposed in the approach and not central. Looking at the R package (https://cran.r-project.org/web/packages/linkprediction/linkprediction.pdf) that is referenced in the paper, no NLP takes place, i.e. the analysis is purely based on the structure of the graph, not the content.				FALSE	FALSE				
R030	TRUE	JUF	Hey, T., Keim, J., & Tichy, W. F. (2021, September). Knowledge-based Sense Disambiguation of Multiword Expressions in Requirements Documents. In 2021 IEEE 29th International Requirements Engineering Conference Workshops (REW) (pp. 70-76). IEEE.	2021	AIRE	TRUE	TRUE	TRUE	FALSE	FALSE	FALSE	included		MWE Disambiguator	A "knowledge-based approach to disambiguate multiword expressions (MWEs) in requirements document"		FALSE	FALSE	Unknown	Unavailable	Analysis	Detection
R031	TRUE	MUN	Jadallah, N., Fischbach, J., Frattini, J., & Vogelsang, A. (2021, September). CATE: CAusality Tree Extractor from Natural Language Requirements. In 2021 IEEE 29th International Requirements Engineering Conference Workshops (REW) (pp. 77-79). IEEE.	2021	AIRE	TRUE	TRUE	TRUE	FALSE	FALSE	FALSE	included		CAusality Tree Extractor (CATE)	CATE parses the composition of a causal relation as a tree structure. CATE does not only provide an overview of the causes and effects in a sentence, but also reveals their semantic coherence through the binary tree structure.		FALSE	FALSE	Unknown	Unavailable	Validation & Verification	Extraction
R032	TRUE	JUF	Henao, P. R., Fischbach, J., Spies, D., Frattini, J., & Vogelsang, A. (2021, September). Transfer learning for mining feature requests and bug reports from tweets and app store reviews. In 2021 IEEE 29th International Requirements Engineering Conference Workshops (REW) (pp. 80-86). IEEE.	2021	AIRE	TRUE	TRUE	TRUE	FALSE	FALSE	FALSE	included		User Comment Classifier	Monolingual and multilingual transfer-learning approach at classifying user comments as either problem reports, feature requests, or irrelevant.	https://github.com/prestrepoh/Topic-Mining-From-Tweets-and-App-Reviews	TRUE	FALSE	MIT	Open Source	Elicitation	Classification
R033	TRUE	MUN	Anish, P. R., Sonar, P., Lawhatre, P., & Ghaisas, S. (2021, September). Automated Identification and Deconstruction of Penalty Clauses in Regulation. In 2021 IEEE 29th International Requirements Engineering Conference Workshops (REW) (pp. 96-105). IEEE.	2021	AIRE	TRUE	TRUE	TRUE	FALSE	FALSE	FALSE	included		Extraction of penalty clauses	The tool takes as input regulations and first classifies clauses therein as related to penalties or not. After that, it deconstructs the clause to identify important elements such as trigger, consequent action, penalized entity, subsequent offense, exception and reference.		FALSE	FALSE	Unknown	Unavailable	Elicitation	Extraction
R034	TRUE	JUF	Abadeer, M., & Sabetzadeh, M. (2021, September). Machine learning-based estimation of story points in agile development: Industrial experience and lessons learned. In 2021 IEEE 29th International Requirements Engineering Conference Workshops (REW) (pp. 106-115). IEEE.	2021	AIRE	TRUE	FALSE	FALSE	FALSE	FALSE	FALSE	excluded	The evalauted tool is not a contribution of this publication. 				FALSE	FALSE				
R035	TRUE	JUF	Nicholson, A., & LC, G. J. (2021, September). Issue link label recovery and prediction for open source software. In 2021 IEEE 29th International Requirements Engineering Conference Workshops (REW) (pp. 126-135). IEEE.	2021	AIRE	TRUE	TRUE	TRUE	FALSE	FALSE	FALSE	included		Trace Link Recovery and Label Prediction	"automated recovery and prediction of labels for horizontal trace links in the ITSs."		FALSE	FALSE	Unknown	Unavailable	Management	Tracing & Relating
R036	TRUE	MUN	Fischbach, J., Springer, T., Frattini, J., Femmer, H., Vogelsang, A., & Mendez, D. (2021, September). Fine-grained causality extraction from natural language requirements using recursive neural tensor networks. In 2021 IEEE 29th International Requirements Engineering Conference Workshops (REW) (pp. 60-69). IEEE.	2021	AIRE	TRUE	TRUE	TRUE	FALSE	FALSE	FALSE	included		Fine-Grained Causality Extractor	Extracts causes and effects from natural language requirements using a recursive neural tensor network.	https://github.com/springto/Fine-Grained-Causality-Extraction-From-NL-Requirements	TRUE	FALSE	None	Reachable	Validation & Verification	Extraction
R037	TRUE	JUF	Habib, M. K., Wagner, S., & Graziotin, D. (2021, September). Detecting Requirements Smells With Deep Learning: Experiences, Challenges and Future Work. In 2021 IEEE 29th International Requirements Engineering Conference Workshops (REW) (pp. 153-156). IEEE.	2021	AIRE	TRUE	FALSE	TRUE	FALSE	FALSE	FALSE	excluded	Early stage research preview				FALSE	FALSE				
R038	TRUE	MUN	Shen, Y., & Breaux, T. (2022, August). Domain Model Extraction from User-authored Scenarios and Word Embeddings. In 2022 IEEE 30th International Requirements Engineering Conference Workshops (REW) (pp. 143-151). IEEE.	2022	AIRE	TRUE	TRUE	TRUE	FALSE	FALSE	FALSE	included	Added here "generation" for the tool task since the second approach (which is the one I think is the more interesting one) exploits the MLM scheme to generate domain concepts (as far as I understood).	Domain model extractor	Two approaches to extract elements for constructing a domain model are proposed. (A) From a corpus of scenarios describing a specific task, typed dependencies are identified to extract domain concepts. (B) Generate domain concepts with the help of Masked Language Models, exploiting the world knowledge stored in such a model.	https://drive.google.com/drive/folders/1o7hG0N63bl5Gpuuvu5GsTFws4Hb4d4NL?usp=sharing	TRUE	FALSE	None	Reachable	Elicitation	Generation
R039	TRUE	JUF	Mehder, Ş., & Aydemir, F. B. (2022, August). Classification of Issue Discussions in Open Source Projects Using Deep Language Models. In 2022 IEEE 30th International Requirements Engineering Conference Workshops (REW) (pp. 176-182). IEEE.	2022	AIRE	TRUE	TRUE	TRUE	FALSE	FALSE	FALSE	included		OS Issue Discussion classifier	Transformer-based classifier of issues in open source projects	https://github.com/sevvalmehder/Classification-of-Issue-Discussions-in-Open-Source-Projects	TRUE	FALSE	None	Reachable	Elicitation	Classification
R040	TRUE	JUF	Winkler, J. P., Grönberg, J., & Vogelsang, A. (2019, September). Predicting How to Test Requirements: An Automated Approach. In 2019 IEEE 27th International Requirements Engineering Conference (RE) (pp. 120-130). IEEE.	2019	RE	TRUE	TRUE	TRUE	FALSE	FALSE	FALSE	included		Potential Verification Method (PMV) classifier	"[A]n automatic approach to classify natural language requirements with respect to their potential verification methods. The approach can be used to recommend PVMs for unlabeled requirements or to check labeled requirements for potential errors."	https://doi.org/10.6084/m9.figshare.8602382	TRUE	FALSE	GPL3.0	Archived	Validation & Verification	Classification
R041	TRUE	JUF	Nyamawe, A. S., Liu, H., Niu, N., Umer, Q., & Niu, Z. (2019, September). Automated recommendation of software refactorings based on feature requests. In 2019 IEEE 27th International Requirements Engineering Conference (RE) (pp. 187-198). IEEE.	2019	RE	FALSE	TRUE	TRUE	FALSE	FALSE	FALSE	excluded					FALSE	FALSE				
R042	TRUE	JUF	Dalpiaz, F., Dell'Anna, D., Aydemir, F. B., & Çevikol, S. (2019, September). Requirements classification with interpretable machine learning and dependency parsing. In 2019 IEEE 27th International Requirements Engineering Conference (RE) (pp. 142-152). IEEE.	2019	RE	TRUE	TRUE	TRUE	FALSE	FALSE	FALSE	included		Interpretable Requirements Classifier	Requirements classifier (FR/NFR) using interpretable machine learning features.	https://zenodo.org/record/3309669	TRUE	FALSE	GPL3.0	Archived	Analysis	Classification
R043	TRUE	JUF	Langenfeld, V., Dietsch, D., Westphal, B., Hoenicke, J., & Post, A. (2019, September). Scalable analysis of real-time requirements. In 2019 IEEE 27th International Requirements Engineering Conference (RE) (pp. 234-244). IEEE.	2019	RE	TRUE	TRUE	FALSE	FALSE	FALSE	FALSE	excluded	No NLP involved, this algorithm works on formalized requirements				FALSE	FALSE				
R044	TRUE	JUF	Tizard, J., Wang, H., Yohannes, L., & Blincoe, K. (2019, September). Can a conversation paint a picture? mining requirements in software forums. In 2019 IEEE 27th International Requirements Engineering Conference (RE) (pp. 17-27). IEEE.	2019	RE	TRUE	TRUE	TRUE	FALSE	FALSE	FALSE	included		Forum Specific Classifier	A supervised machine learning approach that utilises characteristics specific to user forums to classify forum contributions.		FALSE	FALSE	Unknown	Unavailable	Elicitation	Classification
R045	TRUE	DFU	Villamizar, H., Neto, A. A., Kalinowski, M., Garcia, A., & Méndez, D. (2019, September). An approach for reviewing security-related aspects in agile requirements specifications of web applications. In 2019 IEEE 27th international requirements engineering conference (RE) (pp. 86-97). IEEE.	2019	RE	TRUE	TRUE	TRUE	FALSE	FALSE	FALSE	included		FESRAS	The goal of this work is to map OWASP high-level security requirements from text documents that describe desired software behaviors (user stories) in the context of agile methods.	https://github.com/hrguarinv/FESRAS	TRUE	FALSE	None	Reachable	Modeling	Tracing & Relating
R046	TRUE	JUF	Rietz, T., & Maedche, A. (2019, September). LadderBot: a requirements self-elicitation system. In 2019 IEEE 27th International Requirements Engineering Conference (RE) (pp. 357-362). IEEE.	2019	RE	TRUE	TRUE	TRUE	FALSE	FALSE	FALSE	included	It seems like the main contribution of the authors is the UI around an existing conversational agent (Microsoft Bot Framework).	LadderBot	A conversational agent in the form of a chatbot that mimics a human interviewer in a laddering requirements elicitation interview.	https://zenodo.org/record/3715047	TRUE	FALSE	CC4.0	Archived	Elicitation	Search & Retrieval
R047	TRUE	JUF	Abualhaija, S., Arora, C., Sabetzadeh, M., Briand, L. C., & Vaz, E. (2019, September). A machine learning-based approach for demarcating requirements in textual specifications. In 2019 IEEE 27th International Requirements Engineering Conference (RE) (pp. 51-62). IEEE.	2019	RE	TRUE	TRUE	TRUE	FALSE	FALSE	FALSE	included		Requirements demarcator	A "practical, accurate and fully automated approach for domain-independent requirements demarcation in textual [Requirements Specification]"		FALSE	FALSE	Unknown	Unavailable	Analysis	Classification
R048	TRUE	JUF	Seki, Y., Hayashi, S., & Saeki, M. (2019, September). Detecting bad smells in use case descriptions. In 2019 IEEE 27th International Requirements Engineering Conference (RE) (pp. 98-108). IEEE.	2019	RE	TRUE	TRUE	TRUE	FALSE	FALSE	FALSE	included		Use Case Smell Detector	Automatic detection of bad smells in use case descriptions		FALSE	FALSE	Unknown	Unavailable	Analysis	Detection
R049	TRUE	MUN	Martens, D., & Maalej, W. (2019, September). Extracting and analyzing context information in user-support conversations on twitter. In 2019 IEEE 27th International Requirements Engineering Conference (RE) (pp. 131-141). IEEE.	2019	RE	TRUE	TRUE	TRUE	FALSE	FALSE	FALSE	included	I'm putting this as a requirements elicitation activity since the authors position context extraction in the activity of handling bug reports and feature requests. 	Context item extractor	Takes as input short messages from social media (Twitter) and extracts context items (such as platform, device, app and system version) such that developers have actionable information from bug reports or feature requests. 	https://mast.informatik.uni-hamburg.de/app-review-analysis/	TRUE	FALSE	Unknown	Broken	Elicitation	Extraction
R050	TRUE	MUN	Pudlitz, F., Brokhausen, F., & Vogelsang, A. (2019, September). Extraction of system states from natural language requirements. In 2019 IEEE 27th International Requirements Engineering Conference (RE) (pp. 211-222). IEEE.	2019	RE	TRUE	TRUE	TRUE	FALSE	FALSE	FALSE	included	Classified as modeling since a set of system states can be considered a model.	System state extractor	Takes as input NL requirements and extracts system states (e.g. off, start, running) so that these can be used in verification.		FALSE	FALSE	Unknown	Unavailable	Modeling	Extraction
R051	TRUE	MUN	Mezghani, M., Kang, J., Kang, E. B., & Sèdes, F. (2019, September). Clustering for traceability managing in system specifications. In 2019 IEEE 27th International Requirements Engineering Conference (RE) (pp. 257-264). IEEE.	2019	RE	TRUE	TRUE	FALSE	FALSE	FALSE	FALSE	excluded	The authors talk a lot about requirements "similarity" and how it is used for clustering similar reqs to create traceability, but never define how this similarity is determined. 				FALSE	FALSE				
R052	TRUE	DFU	Chen, X., Zhong, Z., Jin, Z., Zhang, M., Li, T., Chen, X., & Zhou, T. (2019, September). Automating consistency verification of safety requirements for railway interlocking systems. In 2019 IEEE 27th International Requirements Engineering Conference (RE) (pp. 308-318). IEEE.	2019	RE	TRUE	TRUE	FALSE	FALSE	FALSE	FALSE	excluded	The contribution is a quasi-natural language (i.e., a context-free grammar) used to define and later automatically verify safety requirement. There is no actual use of NLP but rather the application of a constrains solver 				FALSE	FALSE				
R053	TRUE	MUN	Sleimi, A., Ceci, M., Sannier, N., Sabetzadeh, M., Briand, L., & Dann, J. (2019, September). A query system for extracting requirements-related information from legal texts. In 2019 IEEE 27th international requirements engineering conference (RE) (pp. 319-329). IEEE.	2019	RE	TRUE	TRUE	TRUE	FALSE	FALSE	FALSE	included		Legal text information extractor	Takes as input legal text and extracts information, using a meta-data model, that is potentially relevant for requirements engineers to formulate requirements.		FALSE	FALSE	Unknown	Unavailable	Elicitation	Extraction
R054	TRUE	JUF	Stanik, C., & Maalej, W. (2019, September). Requirements intelligence with OpenReq analytics. In 2019 IEEE 27th International Requirements Engineering Conference (RE) (pp. 482-483). IEEE.	2019	RE	TRUE	TRUE	TRUE	FALSE	FALSE	FALSE	included		OpenReq Analytics	"methods, tools, and APIs toward achieving an intelligent recommendation and decision support for community-driven requirements engineering"	https://github.com/OpenReqEU?q=analytics&type=all&language=&sort=	TRUE	FALSE	EPL	Open Source	Elicitation	Extraction
R055	TRUE	JUF	Yang, Y., Ke, W., & Li, X. (2019, September). RM2PT: Requirements validation through automatic prototyping. In 2019 IEEE 27th International Requirements Engineering Conference (RE) (pp. 484-485). IEEE.	2019	RE	FALSE	FALSE	FALSE	FALSE	FALSE	TRUE	excluded	Only an extension to R135				FALSE	FALSE				
R056	TRUE	JUF	Deb, N., Mallik, M., Roychowdhury, A., & Chaki, N. (2019, September). Cargo: a prototype for contextual annotation and reconciliation of goal models. In 2019 IEEE 27th International Requirements Engineering Conference (RE) (pp. 486-489). IEEE.	2019	RE	TRUE	TRUE	FALSE	FALSE	FALSE	FALSE	excluded					FALSE	FALSE				
R057	TRUE	JUF	Chen, Y., Wang, Y., Hou, Y., & Wang, Y. (2019, September). T-star: a text-based istar modeling tool. In 2019 IEEE 27th international requirements engineering conference (RE) (pp. 490-491). IEEE.	2019	RE	TRUE	TRUE	TRUE	FALSE	FALSE	FALSE	included	The use of NLP technology is very vague here.	T-Star	A "prototype tool which allows users to build iStar models using semi-structured textual templates and visualizes models with meaningful layout automatically"		FALSE	FALSE	Unknown	Unavailable	Modeling	Transformation
R058	TRUE	MUN	Lüders, C. M., Raatikainen, M., Motger, J., & Maalej, W. (2019, September). Openreq issue link map: A tool to visualize issue links in jira. In 2019 IEEE 27th International Requirements Engineering Conference (RE) (pp. 492-493). IEEE.	2019	RE	TRUE	TRUE	FALSE	FALSE	FALSE	FALSE	excluded	Short paper (2p) with no information on used NLP techniques. 				FALSE	FALSE				
R059	TRUE	JUF	Deshpande, G., Arora, C., & Ruhe, G. (2019, September). Data-driven elicitation and optimization of dependencies between requirements. In 2019 IEEE 27th International Requirements Engineering Conference (RE) (pp. 416-421). IEEE.	2019	RE	TRUE	TRUE	TRUE	FALSE	FALSE	FALSE	included		Dependency detector	Machine learning classifiers for dependency detection between requirements		FALSE	FALSE	Unknown	Unavailable	Management	Classification
R060	TRUE	JUF	Hey, T., Keim, J., Koziolek, A., & Tichy, W. F. (2020, August). Norbert: Transfer learning for requirements classification. In 2020 IEEE 28th International Requirements Engineering Conference (RE) (pp. 169-179). IEEE.	2020	RE	TRUE	TRUE	TRUE	FALSE	FALSE	FALSE	included		NoRBERT	"Non-functional and functional Requirements classification using BERT"	https://zenodo.org/record/5541679	TRUE	FALSE	GPL3.0	Archived	Analysis	Classification
R061	TRUE	JUF	Torre, D., Abualhaija, S., Sabetzadeh, M., Briand, L., Baetens, K., Goes, P., & Forastier, S. (2020, August). An ai-assisted approach for checking the completeness of privacy policies against gdpr. In 2020 IEEE 28th International Requirements Engineering Conference (RE) (pp. 136-146). IEEE.	2020	RE	TRUE	TRUE	TRUE	FALSE	FALSE	FALSE	included		GDPR Completeness Checker	An "AI-assisted approach for checking whether a given privacy policy is “complete” according to the provisions of GDPR."		FALSE	FALSE	Unknown	Unavailable	Analysis	Detection
R062	TRUE	MUN	Deshpande, G., Motger, Q., Palomares, C., Kamra, I., Biesialska, K., Franch, X., ... & Ho, J. (2020, August). Requirements dependency extraction by integrating active learning with ontology-based retrieval. In 2020 IEEE 28th International Requirements Engineering Conference (RE) (pp. 78-89). IEEE.	2020	RE	TRUE	TRUE	TRUE	FALSE	FALSE	FALSE	included		Requirements dependency extraction by active learning (RD-AL)	Combines ensamble and active learning to improve performance in requirements dependency detection.		FALSE	FALSE	Unknown	Unavailable	Management	Detection
R063	TRUE	JUF	Oehri, E., & Guzman, E. (2020, August). Same same but different: Finding similar user feedback across multiple platforms and languages. In 2020 IEEE 28th International Requirements Engineering Conference (RE) (pp. 44-54). IEEE.	2020	RE	TRUE	TRUE	TRUE	FALSE	FALSE	FALSE	included		SIMBA	"Similarity-based approach for identifying and measuring similarities between feedback written across different platforms and languages"		FALSE	FALSE	Unknown	Unavailable	Management	Classification
R064	TRUE	MUN	Sainani, A., Anish, P. R., Joshi, V., & Ghaisas, S. (2020, August). Extracting and classifying requirements from software engineering contracts. In 2020 IEEE 28th international requirements engineering conference (RE) (pp. 147-157). IEEE.	2020	RE	TRUE	TRUE	TRUE	FALSE	FALSE	FALSE	included	The authors call the task type extraction, but what they do is to classify statements from contracts into obligations and not obligations. Obligations are the extracted potential requirements. They continue then to classify the extracted requirements into types relevant for contracts.	Contract requirements extractor and classifier	Extracts potential requirements (obligations) from contracts and classifies them into 14 classes of contract requirement types. 		FALSE	FALSE	Unknown	Unavailable	Elicitation	Classification
R065	TRUE	MUN	Schlutter, A., & Vogelsang, A. (2020, August). Trace link recovery using semantic relation graphs and spreading activation. In 2020 IEEE 28th International Requirements Engineering Conference (RE) (pp. 20-31). IEEE.	2020	RE	TRUE	TRUE	TRUE	FALSE	FALSE	FALSE	included	Follow up paper: R150. Part of the solution (the spreading activation algorithm) is published, but not the whole approach. https://github.com/tub-aset/spreadingactivation	Trace link recovery with Spreading Activation	Recovers trace links between requirements using structural and semantic information. 		FALSE	FALSE	Unknown	Unavailable	Management	Tracing & Relating
R066	TRUE	JUF	Wang, Y., Shi, L., Li, M., Wang, Q., & Yang, Y. (2020, August). A deep context-wise method for coreference detection in natural language requirements. In 2020 IEEE 28th International Requirements Engineering Conference (RE) (pp. 180-191). IEEE.	2020	RE	TRUE	TRUE	TRUE	FALSE	FALSE	FALSE	included		DeepCoref	"The input of the network is requirement contextual text and related entities, and the output is the predictive label to infer whether two entities are coreferent."	https://github.com/MeloFancy/DeepCoref	TRUE	FALSE	None	Reachable	Analysis	Classification
R067	TRUE	JUF	Sleimi, A., Ceci, M., Sabetzadeh, M., Briand, L. C., & Dann, J. (2020, August). Automated recommendation of templates for legal requirements. In 2020 IEEE 28th international requirements engineering conference (RE) (pp. 158-168). IEEE.	2020	RE	TRUE	TRUE	TRUE	FALSE	FALSE	FALSE	included		Legal Template Recommender	An automatic approach proposing templates for legal requirements		FALSE	FALSE	Unknown	Unavailable	Elicitation	Extraction
R068	TRUE	JUF	Wiesweg, F., Vogelsang, A., & Mendez, D. (2020, August). Data-driven risk management for requirements engineering: An automated approach based on Bayesian networks. In 2020 IEEE 28th International Requirements Engineering Conference (RE) (pp. 125-135). IEEE.	2020	RE	TRUE	TRUE	FALSE	FALSE	FALSE	FALSE	excluded					FALSE	FALSE				
R069	TRUE	MUN	Güneş, T., & Aydemir, F. B. (2020, August). Automated goal model extraction from user stories using NLP. In 2020 IEEE 28th International Requirements Engineering Conference (RE) (pp. 382-387). IEEE.	2020	RE	TRUE	TRUE	TRUE	FALSE	FALSE	FALSE	included	Classified as modeling since the heuristics talk about using smilarity measures to create heuristics for extracting goals.	Goal models from user stories	Generate goal models from user stories to illustrate their dependencies.		FALSE	FALSE	Unknown	Unavailable	Modeling	Transformation
R070	TRUE	JUF	Wang, Y. L., & Grubb, A. M. (2020, August). Towards a general solution for layout of visual goal models with actors. In 2020 IEEE 28th International Requirements Engineering Conference (RE) (pp. 352-357). IEEE.	2020	RE	TRUE	TRUE	FALSE	FALSE	FALSE	FALSE	excluded		FLAAG			FALSE	FALSE				
R071	TRUE	JUF	Meincke, W. (2020, August). Requirements in the loop: A computer-aided analysis of consistency, completeness, and correctness of requirements. In 2020 IEEE 28th International Requirements Engineering Conference (RE) (pp. 396-399). IEEE.	2020	RE	TRUE	TRUE	TRUE	FALSE	FALSE	FALSE	included		BTC EmbeddedPlatform	Requirements formalization from natural language to formal language.		FALSE	FALSE	Unknown	Unavailable	Analysis	Transformation
R072	TRUE	JUF	Panichella, S., & Ruiz, M. (2020, August). Requirements-collector: Automating requirements specification from elicitation sessions and user feedback. In 2020 IEEE 28th International Requirements Engineering Conference (RE) (pp. 404-407). IEEE.	2020	RE	TRUE	TRUE	TRUE	FALSE	FALSE	FALSE	included		Requirements-Collector	A "tool that exploits machine learning and deep learning for automatic classification of requirements from elicitation sessions and user feedback."	https://github.com/lmruizcar/Requirements-Collector-DL-Component	TRUE	FALSE	None	Reachable	Elicitation	Classification
R073	TRUE	JUF	Mu, F., Shi, L., Zhou, W., Zhang, Y., & Zhao, H. (2020, August). NERO: A text-based tool for content annotation and detection of smells in feature requests. In 2020 IEEE 28th International Requirements Engineering Conference (RE) (pp. 400-403). IEEE.	2020	RE	TRUE	TRUE	TRUE	FALSE	FALSE	FALSE	included		NERO	A "text-based tool that supports automatic analysis of feature requests"		FALSE	FALSE	Unknown	Unavailable	Analysis	Detection
R074	TRUE	JUF	Hosseini, M. B., Heaps, J., Slavin, R., Niu, J., & Breaux, T. (2021, September). Ambiguity and Generality in Natural Language Privacy Policies. In 2021 IEEE 29th International Requirements Engineering Conference (RE) (pp. 70-81). IEEE.	2021	RE	TRUE	TRUE	TRUE	FALSE	FALSE	FALSE	included		Hypernomy detector	Hypernomy detection and ontology construction from privacy policies to recude ambiguity in requirements elicitation.		FALSE	FALSE	Unknown	Unavailable	Elicitation	Transformation
R075	TRUE	MUN	Saini, R., Mussbacher, G., Guo, J. L., & Kienzle, J. (2021, September). Automated traceability for domain modelling decisions empowered by artificial intelligence. In 2021 IEEE 29th International Requirements Engineering Conference (RE) (pp. 173-184). IEEE.	2021	RE	TRUE	TRUE	TRUE	FALSE	FALSE	FALSE	included		Domain modelling traceability tool	Creates trace links between requirements and design models to capture design decisions.	https://rijul5.github.io/Domain-Modelling-Traceability/	TRUE	FALSE	Unknown	Broken	Management	Tracing & Relating
R076	TRUE	JUF	Mekala, R. R., Irfan, A., Groen, E. C., Porter, A., & Lindvall, M. (2021, September). Classifying user requirements from online feedback in small dataset environments using deep learning. In 2021 IEEE 29th International Requirements Engineering Conference (RE) (pp. 139-149). IEEE.	2021	RE	TRUE	TRUE	TRUE	FALSE	FALSE	FALSE	included		User Review Classifier	A "deep learning (DL) backed pipeline for requirements extraction in low-volume training dataset environments."	https://doi.org/10.6084/m9.figshare.14273594	TRUE	FALSE	CC4.0	Archived	Elicitation	Classification
R077	TRUE	JUF	Peng, Z., Rathod, P., Niu, N., Bhowmik, T., Liu, H., Shi, L., & Jin, Z. (2021, September). Environment-driven abstraction identification for requirements-based testing. In 2021 IEEE 29th International Requirements Engineering Conference (RE) (pp. 245-256). IEEE.	2021	RE	TRUE	TRUE	TRUE	FALSE	FALSE	FALSE	included		Abstraction Identifier	A tool to "to automatically identify the abstractions that are both indicative of important domain phenomena and amenable to requirements-based testing"		FALSE	FALSE	Unknown	Unavailable	Validation & Verification	Extraction
R078	TRUE	JUF	Iqbal, T., Khan, M., Taveter, K., & Seyff, N. (2021, September). Mining reddit as a new source for software requirements. In 2021 IEEE 29th International Requirements Engineering Conference (RE) (pp. 128-138). IEEE.	2021	RE	TRUE	TRUE	TRUE	FALSE	FALSE	FALSE	included		reddit Post Classifier	Automatic classifier of reddit posts depending on the usefulness of its content for RE		FALSE	FALSE	Unknown	Unavailable	Elicitation	Classification
R079	TRUE	JUF	Stanik, C., Pietz, T., & Maalej, W. (2021, September). Unsupervised topic discovery in user comments. In 2021 IEEE 29th International Requirements Engineering Conference (RE) (pp. 150-161). IEEE.	2021	RE	TRUE	TRUE	TRUE	FALSE	FALSE	FALSE	included		Tweet Topic Modeler	An "automated approach that takes a set of user comments and summarizes it in human-understandable topics."	https://github.com/ietz/ri-visualization	TRUE	FALSE	EPL	Open Source	Elicitation	Transformation
R080	TRUE	JUF	Buchmann, E., & Hauser, S. (2021, September). Text Mining for Standardized Quality Criteria of Natural-Language IT-Requirements. In 2021 IEEE 29th International Requirements Engineering Conference (RE) (pp. 390-395). IEEE.	2021	RE	TRUE	TRUE	TRUE	FALSE	FALSE	FALSE	included		Requirements Quality Classifier	A classifier with text features detecting violations in NL requirements		FALSE	FALSE	Unknown	Unavailable	Analysis	Classification
R081	TRUE	JUF	Zaki-Ismail, A., Osama, M., Abdelrazek, M., Grundy, J., & Ibrahim, A. (2021, September). ARF: automatic requirements formalisation tool. In 2021 IEEE 29th International Requirements Engineering Conference (RE) (pp. 440-441). IEEE.	2021	RE	TRUE	TRUE	TRUE	FALSE	FALSE	FALSE	included		ARF	Automatic requirements formalization into temporal logic based formal notation	https://github.com/ABC-7/ARF	TRUE	FALSE	None	Reachable	Validation & Verification	Extraction
R082	TRUE	JUF	Günes, T., Öz, C. A., & Aydemir, F. B. (2021, September). ArTu: A Tool for Generating Goal Models from User Stories. In 2021 IEEE 29th International Requirements Engineering Conference (RE) (pp. 436-437). IEEE.	2021	RE	TRUE	TRUE	TRUE	FALSE	FALSE	FALSE	included		ArTu	"Given a set of user stories, our tool generates goal models with different structures depending on the heuristic selected by the user."		FALSE	FALSE	Unknown	Unavailable	Modeling	Transformation
R083	TRUE	DFU	Jung, J. W., Park, S. H., & Lee, S. W. (2021, September). A Tool for Security Requirements Recommendation using Case-Based Problem Domain Ontology. In 2021 IEEE 29th International Requirements Engineering Conference (RE) (pp. 438-439). IEEE.	2021	RE	TRUE	TRUE	FALSE	FALSE	FALSE	FALSE	excluded					FALSE	FALSE				
R084	TRUE	JUF	Roy, M., Deb, N., Cortesi, A., Chaki, R., & Chaki, N. (2021, September). CARO: A Conflict-Aware Requirement Ordering Tool for DevOps. In 2021 IEEE 29th International Requirements Engineering Conference (RE) (pp. 442-443). IEEE.	2021	RE	TRUE	TRUE	FALSE	FALSE	FALSE	FALSE	excluded		CARO	A tool "to provide an automated requirement prioritization and risk analysis to the developers based on the dependencies and conflicts among the requirements"		FALSE	FALSE				
R085	TRUE	JUF	Peng, Z., & Niu, N. (2021, September). Co-AI: a Colab-based tool for abstraction identification. In 2021 IEEE 29th International Requirements Engineering Conference (RE) (pp. 420-421). IEEE.	2021	RE	TRUE	TRUE	TRUE	FALSE	FALSE	FALSE	included		Co-AI	Colab-based abstraction identification	https://colab.research.google.com/drive/1ur5KILoi_n-3KY0_vJcMBQDtiSYgcYeP?usp=sharing	TRUE	FALSE	None	Reachable	Analysis	Extraction
R086	TRUE	JUF	Osama, M., Zaki-Ismail, A., Abdelrazek, M., Grundy, J., & Ibrahim, A. (2021, September). DBRG: Description-Based Non-Quality Requirements Generator. In 2021 IEEE 29th International Requirements Engineering Conference (RE) (pp. 424-425). IEEE.	2021	RE	TRUE	TRUE	TRUE	FALSE	FALSE	FALSE	included		DBRG	Description-based requirements generator tool.	https://github.com/ABC-7/DBRG	TRUE	FALSE	None	Reachable	Elicitation	Generation
R087	TRUE	MUN	Saini, R., Mussbacher, G., Guo, J. L., & Kienzle, J. (2021, September). Domobot: A modelling bot for automated and traceable domain modelling. In 2021 IEEE 29th International Requirements Engineering Conference (RE) (pp. 428-429). IEEE.	2021	RE	TRUE	TRUE	TRUE	FALSE	FALSE	FALSE	included	Tool demo paper (2p) related to R075 by the same authors.	DoMoBOT	DoMoBOT, a Domain Modelling Bot for automating the task of domain model extraction and facilitating the traceability of modelling decisions of the extractor system.		FALSE	FALSE	Unknown	Unavailable	Management	Tracing & Relating
R088	TRUE	JUF	Ye, M., Cao, J., Cheng, S., Liu, D., Xu, S., & He, J. (2021, September). Mrdqa: A deep multimodal requirement document quality analyzer. In 2021 IEEE 29th International Requirements Engineering Conference (RE) (pp. 446-447). IEEE.	2021	RE	TRUE	TRUE	TRUE	FALSE	FALSE	FALSE	included		MRDQA	Multimodal Requirement Document Quality Analyzer that classifies a requirements document into three levels of quality.		FALSE	FALSE	Unknown	Unavailable	Analysis	Classification
R089	TRUE	JUF	Samin, H., Bencomo, N., & Sawyer, P. (2021, September). Pri-AwaRE: Tool Support for priority-aware decision-making under uncertainty. In 2021 IEEE 29th International Requirements Engineering Conference (RE) (pp. 450-451). IEEE.	2021	RE	TRUE	TRUE	FALSE	FALSE	FALSE	FALSE	excluded		Pri-AwaRE			FALSE	FALSE				
R090	TRUE	DFU	Ambade, P., Solanki, D., & Deb, N. (2021, September). RV-SLC: A Tool for Regression Validation of Safety and Liveness Constraints on Goal Models in DevOps Environment. In 2021 IEEE 29th International Requirements Engineering Conference (RE) (pp. 452-453). IEEE.	2021	RE	FALSE	TRUE	FALSE	FALSE	FALSE	FALSE	excluded					FALSE	FALSE				
R091	TRUE	JUF	Basmer, M., Kehrer, T., & Penzenstadler, B. (2021, September). Susaf welcomes susapp: Tool support for the sustainability awareness framework. In 2021 IEEE 29th International Requirements Engineering Conference (RE) (pp. 418-419). IEEE.	2021	RE	FALSE	TRUE	FALSE	FALSE	FALSE	FALSE	excluded					FALSE	FALSE				
R092	TRUE	JUF	Wei, S., Li, Z., Yang, Y., & Xiao, H. (2021, September). Zoom4PF: A Tool for Refining Static and Dynamic Domain Descriptions in Problem Frames. In 2021 IEEE 29th International Requirements Engineering Conference (RE) (pp. 414-415). IEEE.	2021	RE	TRUE	TRUE	FALSE	FALSE	FALSE	FALSE	excluded					FALSE	FALSE				
R093	TRUE	JUF	Hablutzel, K. R., Jain, A., & Grubb, A. M. (2022, August). A Divide & Concur Approach to Collaborative Goal Modeling with Merge in Early-RE. In 2022 IEEE 30th International Requirements Engineering Conference (RE) (pp. 14-25). IEEE.	2022	RE	TRUE	TRUE	FALSE	FALSE	FALSE	FALSE	excluded	The input to this algorithm are Tropos goal models. While their elements contain natural language, the tool does not involve any actual natural language for any artifact in the pipeline.		A "semi-automated approach for merging Tropos goal models with and without evolutionary information."	https://doi.org/10.35482/csc.001.2022	FALSE	FALSE				
R094	TRUE	MUN	Lüders, C. M., Pietz, T., & Maalej, W. (2022, August). Automated Detection of Typed Links in Issue Trackers. In 2022 IEEE 30th International Requirements Engineering Conference (RE) (pp. 26-38). IEEE.	2022	RE	TRUE	TRUE	TRUE	FALSE	FALSE	FALSE	included		TypedLinkDetection	Takes issue descriptions as input and predicts different types of links between them (e.g. no link, duplicate, subtask, depend, ...)	https://github.com/RegenKordel/LYNX-TypedLinkDetection	TRUE	FALSE	MIT	Open Source	Management	Tracing & Relating
R095	TRUE	MUN	Abualhaija, S., Arora, C., Sleimi, A., & Briand, L. C. (2022, August). Automated question answering for improved understanding of compliance requirements: A multi-document study. In 2022 IEEE 30th International Requirements Engineering Conference (RE) (pp. 39-50). IEEE.	2022	RE	TRUE	TRUE	TRUE	FALSE	FALSE	FALSE	included		Automated question answering for compliance requirements	Takes a question and regulations as input and answers the question by suggesting relevant text passages from the regulation(s).	shorturl.at/ETX17	TRUE	FALSE	Unknown	Broken	Elicitation	Extraction
R096	TRUE	MUN	Zhang, J., Chen, S., Hua, J., Niu, N., & Liu, C. (2022, August). Automatic Terminology Extraction and Ranking for Feature Modeling. In 2022 IEEE 30th International Requirements Engineering Conference (RE) (pp. 51-63). IEEE.	2022	RE	TRUE	TRUE	TRUE	FALSE	FALSE	FALSE	included		Automatic requirements terminology extraction and ranking framework	Takes requirements specifications as input, extracts domain relevant terms and ranks them according to their abstraction level.	https://ﬁgshare.com/s/9002ed3093971325a438	TRUE	FALSE	CC4.0	Archived	Modeling	Extraction
R097	TRUE	JUF	Barzamini, H., & Rahimi, M. (2022, August). CADE: The Missing Benchmark in Evaluating Dataset Requirements of AI-enabled Software. In 2022 IEEE 30th International Requirements Engineering Conference (RE) (pp. 64-76). IEEE.	2022	RE	FALSE	TRUE	TRUE	FALSE	FALSE	FALSE	excluded	It does not really become clear whether the proposed CADE framework is useful for RE or only for AI research applied to RE				FALSE	FALSE				
R098	TRUE	DFU	Luo, Y., Zhang, X. Y., Arcaini, P., Jin, Z., Zhao, H., Zhang, L., & Ishikawa, F. (2022, August). Hierarchical Assessment of Safety Requirements for Configurations of Autonomous Driving Systems. In 2022 IEEE 30th International Requirements Engineering Conference (RE) (pp. 88-100). IEEE.	2022	RE	FALSE	TRUE	FALSE	FALSE	FALSE	FALSE	excluded					FALSE	FALSE				
R099	TRUE	JUF	Dąbrowski, J., Letier, E., Perini, A., & Susi, A. (2022, August). Mining User Feedback For Software Engineering: Use Cases and Reference Architecture. In 2022 IEEE 30th International Requirements Engineering Conference (RE) (pp. 114-126). IEEE.	2022	RE	TRUE	FALSE	FALSE	FALSE	FALSE	FALSE	excluded	This paper only presents a reference architecture, not a standalone tool.				FALSE	FALSE				
R100	TRUE	JUF	Wolfinger, R., Fotrousi, F., & Maalej, W. (2022, August). A Chatbot for the Elicitation of Contextual Information from User Feedback. In 2022 IEEE 30th International Requirements Engineering Conference (RE) (pp. 272-273). IEEE.	2022	RE	TRUE	TRUE	TRUE	FALSE	FALSE	FALSE	included		BugBot	A chatbot that receives user feedback and prompts the user to provide missing context information.	https://github.com/RWolfing/BugBot	TRUE	FALSE	GPL3.0	Open Source	Elicitation	Generation
R101	TRUE	JUF	Pereira, F. C., Neto, G. B., De Lima, L. F., Silva, F., & Peres, L. M. (2022, August). A Tool For Software Requirement Allocation Using Artificial Intelligence Planning. In 2022 IEEE 30th International Requirements Engineering Conference (RE) (pp. 257-258). IEEE.	2022	RE	TRUE	TRUE	FALSE	FALSE	FALSE	FALSE	excluded		ATA	"The ATA’ tool uses the AI planning technique to allocate requirements automatically between teams involved in incremental development projects"		FALSE	FALSE				
R102	TRUE	JUF	Xiong, H., Wang, Y., & Li, T. (2022, August). BiStar: A Template-Based iStar Modeling Tool Combining Graphical and Textual Modeling. In 2022 IEEE 30th International Requirements Engineering Conference (RE) (pp. 260-261). IEEE.	2022	RE	TRUE	TRUE	TRUE	FALSE	FALSE	FALSE	included		BiStar	A "template-based iStar modeling tool that combines graphical and text-based modeling"	https://www.bjutse.com/bistar/	FALSE	TRUE	None	Reachable	Modeling	Extraction
R103	TRUE	JUF	Tiwari, S., Shah, P., & Khare, M. (2022, August). NL2RT: A Tool to Translate Natural Language Text into Requirements Templates (RTs). In 2022 IEEE 30th International Requirements Engineering Conference (RE) (pp. 262-263). IEEE.	2022	RE	TRUE	TRUE	TRUE	FALSE	FALSE	FALSE	included		Template Converter	A tool that converts requirements written in unconstrained natural language into requirements following either the EARS or Rupps template.	https://github.com/parv97/EARS-Rupp-s-template-conversion-	TRUE	FALSE	None	Reachable	Elicitation	Extraction
R104	TRUE	MUN	Herwanto, G. B., Quirchmayr, G., & Tjoa, A. M. (2022, August). PrivacyStory: Tool Support for Extracting Privacy Requirements from User Stories. In 2022 IEEE 30th International Requirements Engineering Conference (RE) (pp. 264-265). IEEE.	2022	RE	TRUE	TRUE	TRUE	FALSE	FALSE	FALSE	included		PrivacyStory	Takes user stories as input, detects whether they are privacy related and generates new user stories that make the privacy concern explicit.		FALSE	FALSE	Unknown	Unavailable	Elicitation	Classification
R105	TRUE	DFU	Lathrop, J. I., Lutz, R. R., Brecount, C., Potter, H., Rohlfing, K., Slater, J., & Wallin, J. (2022, August). SafeWalk: a Simulation Tool Kit for Exploring Software Requirements in a Safety-Critical Product Line. In 2022 IEEE 30th International Requirements Engineering Conference (RE) (pp. 268-269). IEEE.	2022	RE	TRUE	FALSE	FALSE	FALSE	FALSE	FALSE	excluded					FALSE	FALSE				
R106	TRUE	JUF	Debnath, S., & Subramanian, S. (2022, August). AnnoteREI! A Tool for Transcribing and Annotating Requirements Elicitation Interviews. In 2022 IEEE 30th International Requirements Engineering Conference (RE) (pp. 255-256). IEEE.	2022	RE	TRUE	TRUE	FALSE	FALSE	FALSE	FALSE	excluded	The description does not make clear whether NLP had been involved.	AnnoteREI!	A tool for annotating requirements interviews		FALSE	FALSE				
R107	TRUE	JUF	Fu, M., & Tantithamthavorn, C. (2023). Gpt2sp: A transformer-based agile story point estimation approach. IEEE Transactions on Software Engineering.	2023	TSE	TRUE	TRUE	TRUE	FALSE	FALSE	FALSE	included		GPT2SP	A "Transformer-based Agile Story Point Estimation approach"	https://github.com/awsm-research/gpt2sp	TRUE	FALSE	MIT	Open Source	Management	Classification
R108	TRUE	MUN	Tizard, J., Devine, P., Wang, H., & Blincoe, K. (2023). A Software Requirements Ecosystem: Linking Forum, Issue Tracker, and FAQs for Requirements Management. IEEE Transactions on Software Engineering.	2023	TSE	TRUE	TRUE	TRUE	FALSE	FALSE	FALSE	included	Name is made up by me.	ForumLinker	Takes as input forum posts and associates them with tracked issues and FAQs.	https://figshare.com/s/6b583d1882bb3f1baa1b	TRUE	FALSE	GPL3.0	Archived	Management	Tracing & Relating
R109	TRUE	JUF	Liu, H., Shen, M., Zhu, J., Niu, N., Li, G., & Zhang, L. (2022). Deep learning based program generation from requirements text: Are we there yet?. IEEE Transactions on Software Engineering, 48(4), 1268-1289.	2022	TSE	TRUE	FALSE	FALSE	FALSE	FALSE	FALSE	excluded	This paper evaluates the state of the art rather then proposing a new tool				FALSE	FALSE				
R110	TRUE	DFU	Wang, W., Dumont, F., Niu, N., & Horton, G. (2022). Detecting software security vulnerabilities via requirements dependency analysis. IEEE Transactions on Software Engineering, 48(5), 1665-1675.	2022	TSE	TRUE	TRUE	FALSE	FALSE	FALSE	FALSE	excluded	The only aspect that relates to NLP in this paper, is the use of TF-IDF vectors as features for their approach				FALSE	FALSE				
R111	TRUE	JUF	Amaral, O., Abualhaija, S., Torre, D., Sabetzadeh, M., & Briand, L. C. (2022). AI-enabled automation for completeness checking of privacy policies. IEEE Transactions on Software Engineering, 48(11), 4647-4674.	2022	TSE	TRUE	TRUE	TRUE	FALSE	FALSE	FALSE	included		CompAI	"AI-based automation for the completeness checking of privacy policies."		FALSE	FALSE	Unknown	Unavailable	Analysis	Extraction
R112	TRUE	JUF	Falessi, D., Roll, J., Guo, J. L., & Cleland-Huang, J. (2020). Leveraging historical associations between requirements and source code to identify impacted classes. IEEE Transactions on Software Engineering, 46(4), 420-441.	2020	TSE	TRUE	TRUE	TRUE	FALSE	FALSE	FALSE	included		R2RS Metrics	Implementation of 18 requirements-torequirements-set metrics, which indicate which source code classes are likely to be impacted by new requirements based on the similarity between these requirements and historical requirements.	http://www.falessi.com/CCP/CCPsource.zip	TRUE	FALSE	Unknown	Broken	Management	Tracing & Relating
R113	TRUE	JUF	Alhoshan, W., Ferrari, A., & Zhao, L. (2023). Zero-shot learning for requirements classification: An exploratory study. Information and Software Technology, 159, 107202.	2023	IST	TRUE	TRUE	TRUE	FALSE	FALSE	FALSE	included	The main purpose of this paper is to explore a general approach (zero-shot learning), not to propose a new tool. Still, in order to explore the approach, the authors generate source code.	ZSL Classifier	A generic classification algorithm for various requirements engineering activities using zero-shot learning.	https://github.com/waadalhoshan/ZSL4REQ	TRUE	FALSE	MIT	Open Source	Multiple	Classification
R114	TRUE	MUN	Siahaan, D., Raharjana, I. K., & Fatichah, C. (2023). User story extraction from natural language for requirements elicitation: Identify software-related information from online news. Information and Software Technology, 158, 107195.	2023	IST	TRUE	TRUE	TRUE	FALSE	FALSE	FALSE	included		NewsUserStoryExtractor	Takes as input news coverage and extracts who (stakeholders), what (features) and why (motivation) for a user story.		TRUE	FALSE	Unknown	Upon Request	Elicitation	Extraction
R115	TRUE	JUF	Leelaprute, P., & Amasaki, S. (2022). A comparative study on vectorization methods for non-functional requirements classification. Information and Software Technology, 150, 106991.	2022	IST	TRUE	FALSE	TRUE	FALSE	FALSE	FALSE	excluded					FALSE	FALSE				
R116	TRUE	JUF	AlDhafer, O., Ahmad, I., & Mahmood, S. (2022). An end-to-end deep learning system for requirements classification using recurrent neural networks. Information and Software Technology, 147, 106877.	2022	IST	TRUE	TRUE	TRUE	FALSE	FALSE	FALSE	included		Requirements Classifier	"An end-to-end system to classify functional and non-functional requirements with minimal NLP-based preprocessing and no feature engineering."	https://github.com/osamagid/ReqClassificationRNN.git	TRUE	FALSE	Unknown	Broken	Analysis	Classification
R117	TRUE	JUF	Casillo, F., Deufemia, V., & Gravino, C. (2022). Detecting privacy requirements from User Stories with NLP transfer learning models. Information and Software Technology, 146, 106853.	2022	IST	TRUE	TRUE	TRUE	FALSE	FALSE	FALSE	included		Privacy Requirements Extractor	A "deep learning approach to identify possible privacy requirements within User Stories (USs)"	https://github.com/fcasillo/Detecting-Privacy-Requirements-from-User-Stories-by-exploiting-NLP-based-Transfer-Learning/tree/main	TRUE	FALSE	None	Reachable	Elicitation	Extraction
R118	TRUE	JUF	Ezzini, S., Abualhaija, S., Arora, C., & Sabetzadeh, M. (2023). AI-based Question Answering Assistance for Analyzing Natural-language Requirements. arXiv preprint arXiv:2302.04793.	2023	ICSE	TRUE	TRUE	TRUE	FALSE	FALSE	FALSE	included		QAssist	An "AI-based QA approach aimed at providing assistance with requirements analysis. Given a question posed in NL about the requirements in an SRS, QAssist employs Natural Language Processing (NLP) to retrieve [...] relevant text passages [...] from the SRS and [...] from a domain-specific corpus."	https://gitlab.uni.lu/sezzini/QAssist/	TRUE	FALSE	MIT	Open Source	Analysis	Search & Retrieval
R119	TRUE	JUF	Chang, Z., Li, M., Wang, Q., Li, S., & Wang, J. (2023, May). Cross-Domain Requirements Linking via Adversarial-based Domain Adaptation. In 2023 IEEE/ACM 45th International Conference on Software Engineering (ICSE) (pp. 1596-1608). IEEE.	2023	ICSE	TRUE	TRUE	TRUE	FALSE	FALSE	FALSE	included		RADIATION	A "cross-domain Requirement Linking by Adversarial-based DomaIn AdaptaTION"	https://github.com/czycurefun/Requirement-Linking-Adversial-Adaptation	TRUE	FALSE	None	Reachable	Management	Tracing & Relating
R120	TRUE	JUF	Koscinski, V., Hashemi, S., & Mirakhorli, M. (2023, May). On-Demand Security Requirements Synthesis with Relational Generative Adversarial Networks. In 2023 IEEE/ACM 45th International Conference on Software Engineering (ICSE) (pp. 1609-1621). IEEE.	2023	ICSE	TRUE	TRUE	TRUE	FALSE	FALSE	FALSE	included		Security Requirements Synthesizer	A tool "using the Relational Generative Adversarial Network (RelGAN) for generating and recommending security requirements specifications for a large and real software system."		FALSE	FALSE	Unknown	Unavailable	Elicitation	Generation
R121	TRUE	JUF	Rajbhoj, A., Nistala, P., Kulkarni, V., Soni, S., & Pathan, A. (2023, May). DocToModel: Automated Authoring of Models from Diverse Requirements Specification Documents. In 2023 IEEE/ACM 45th International Conference on Software Engineering: Software Engineering in Practice (ICSE-SEIP) (pp. 199-210). IEEE.	2023	ICSE	TRUE	TRUE	TRUE	FALSE	FALSE	FALSE	included		DocToModel	A "generic approach for automated authoring of models from NL text documents wherein the meta-model to document structure mapping is externalized."		FALSE	FALSE	Unknown	Unavailable	Management	Extraction
R122	TRUE	JUF	Chang, S., Gao, J., & Yang, Y. (2023, May). InputGen: A Tool for Automatic Generation of Prototype Inputs to Support Rapid Requirements Validation. In 2023 IEEE/ACM 45th International Conference on Software Engineering: Companion Proceedings (ICSE-Companion) (pp. 122-126). IEEE.	2023	ICSE	TRUE	TRUE	TRUE	FALSE	FALSE	FALSE	included		InputGen	A "tool for the automatic generation of prototype inputs to support rapid requirements validation"	https://rm2pt.com/advs/inputgen	FALSE	TRUE	None	Reachable	Validation & Verification	Generation
R123	TRUE	JUF	Tian, Z., Yang, Y., & Cheng, S. (2023, May). RM2DM: A Tool for Automatic Generation of OO Design Models from Requirements Models. In 2023 IEEE/ACM 45th International Conference on Software Engineering: Companion Proceedings (ICSE-Companion) (pp. 36-40). IEEE.	2023	ICSE	TRUE	TRUE	FALSE	FALSE	FALSE	FALSE	excluded	RM2DM is a tool that uses the output of RM2PT, which are formalized requirements, not NL requirements	RM2DM	A "tool for automatic generation of OO design models from validated requirements models."		FALSE	FALSE				
R124	TRUE	JUF	Ezzini, S., Abualhaija, S., Arora, C., & Sabetzadeh, M. (2022, May). Automated handling of anaphoric ambiguity in requirements: a multi-solution study. In Proceedings of the 44th International Conference on Software Engineering (pp. 187-199).	2022	ICSE	TRUE	TRUE	TRUE	FALSE	FALSE	FALSE	included		Anaphoric Ambiguity Detector	"[S]ix alternative solutions for automated [detection] of anaphoric ambiguity in requirements."	https://gitlab.uni.lu/sabualhaija/anaphoric-ambiguity	TRUE	FALSE	GPL3.0	Open Source	Analysis	Detection
R125	TRUE	JUF	He, J., Bartocci, E., Ničković, D., Isakovic, H., & Grosu, R. (2022, May). DeepSTL: from english requirements to signal temporal logic. In Proceedings of the 44th International Conference on Software Engineering (pp. 610-622).	2022	ICSE	TRUE	TRUE	TRUE	FALSE	FALSE	FALSE	included		DeepSTL	A "tool and technique for the translation of informal requirements, given as free English sentences, into Signal Temporal Logic (STL), a formal specification language for cyber-physical systems"	https://figshare.com/articles/software/Artifact_of_Paper_DeepSTL_-_From_English_Requirements_to_Signal_Temporal_Logic_/19091282	TRUE	FALSE	MIT	Archived	Validation & Verification	Transformation
R126	TRUE	JUF	Hu, B. C., Marsso, L., Czarnecki, K., Salay, R., Shen, H., & Chechik, M. (2022, May). If a human can see it, so should your system: Reliability requirements for machine vision components. In Proceedings of the 44th International Conference on Software Engineering (pp. 1145-1156).	2022	ICSE	TRUE	TRUE	FALSE	FALSE	FALSE	FALSE	excluded					FALSE	FALSE				
R127	TRUE	JUF	Bao, T., Yang, J., Yang, Y., & Yin, Y. (2022, May). RM2Doc: a tool for automatic generation of requirements documents from requirements models. In Proceedings of the ACM/IEEE 44th International Conference on Software Engineering: Companion Proceedings (pp. 188-192).	2022	ICSE	TRUE	TRUE	TRUE	FALSE	FALSE	FALSE	included	In this case, NL is not the input, but the output	RM2Doc	"Automatic generation of ISO/IEC/IEEE 29148-2018 [...] conformed requirements documents from UML models without any templates."	https://rm2pt.com/rm2doc/	FALSE	TRUE	None	Reachable	Management	Generation
R128	TRUE	JUF	Anish, P. R., Lawhatre, P., Chatterjee, R., Joshi, V., & Ghaisas, S. (2022, May). Automated labeling and classification of business rules from software requirement specifications. In Proceedings of the 44th International Conference on Software Engineering: Software Engineering in Practice (pp. 53-54).	2022	ICSE	TRUE	TRUE	TRUE	FALSE	FALSE	FALSE	included		Business rule classifier	Automatic classifier of business rules (BRs) in requirements specifications according to Ross BR classification taxonomy		FALSE	FALSE	Unknown	Unavailable	Analysis	Classification
R129	TRUE	JUF	Ezzini, S., Abualhaija, S., Arora, C., Sabetzadeh, M., & Briand, L. C. (2021, May). Using domain-specific corpora for improved handling of ambiguity in requirements. In 2021 IEEE/ACM 43rd International Conference on Software Engineering (ICSE) (pp. 1485-1497). IEEE.	2021	ICSE	TRUE	TRUE	TRUE	FALSE	FALSE	FALSE	included		MAANA	An automatic approach for identifying ambiguity in NL requirements (specifically: coordination ambiguity and prepositional-phrase attachment ambiguity) using domain-specific corpora.	https://github.com/SNTSVV/MAANA	TRUE	FALSE	MIT	Open Source	Analysis	Detection
R130	TRUE	MUN	Mashkoor, A., Leuschel, M., & Egyed, A. (2021, May). Validation obligations: a novel approach to check compliance between requirements and their formal specification. In 2021 IEEE/ACM 43rd International Conference on Software Engineering: New Ideas and Emerging Results (ICSE-NIER) (pp. 1-5). IEEE.	2021	ICSE	TRUE	TRUE	FALSE	FALSE	FALSE	FALSE	excluded					FALSE	FALSE				
R131	TRUE	JUF	Alrajeh, D., Cailliau, A., & van Lamsweerde, A. (2020, June). Adapting requirements models to varying environments. In Proceedings of the ACM/IEEE 42nd International Conference on Software Engineering (pp. 50-61).	2020	ICSE	TRUE	TRUE	FALSE	FALSE	FALSE	FALSE	excluded					FALSE	FALSE				
R132	TRUE	DFU	Alenazi, M., Niu, N., & Savolainen, J. (2020, June). A novel approach to tracing safety requirements and state-based design models. In Proceedings of the ACM/IEEE 42nd International Conference on Software Engineering (pp. 848-860).	2020	ICSE	TRUE	TRUE	FALSE	FALSE	FALSE	FALSE	excluded					FALSE	FALSE				
R133	TRUE	MUN	Abad, Z. S. H., Gervasi, V., Zowghi, D., & Far, B. H. (2019, May). Supporting analysts by dynamic extraction and classification of requirements-related knowledge. In 2019 IEEE/ACM 41st International Conference on Software Engineering (ICSE) (pp. 442-453). IEEE.	2019	ICSE	TRUE	FALSE	TRUE	FALSE	FALSE	FALSE	excluded	Goal is to both extract and classify (associate), but we can choose only one for the tool task. Furthermore, this is an edge case since there is no tool, just an algorithm that is described however in a very detailed fashion. Since there is no artifact (compilable or executable), I'd say we exclude it.	RERC (Relevance Extraction and Requirements Classification)	The algorithm extracts relevant terms from domain specific documentation and associates them with transcribed requirements elicitation sessions in order to allow analysts to understand the domain better.		FALSE	FALSE			Elicitation	Extraction
R134	TRUE	DFU	Mai, P. X., Pastore, F., Goknil, A., & Briand, L. C. (2019, May). MCP: a security testing tool driven by requirements. In 2019 IEEE/ACM 41st International Conference on Software Engineering: Companion Proceedings (ICSE-Companion) (pp. 55-58). IEEE.	2019	ICSE	FALSE	TRUE	TRUE	FALSE	FALSE	FALSE	excluded	uses existing requirements to generate test cases. No direct application to a RE activity 				FALSE	FALSE				
R135	TRUE	JUF	Yang, Y., Li, X., Liu, Z., & Ke, W. (2019, May). RM2PT: A tool for automated prototype generation from requirements model. In 2019 IEEE/ACM 41st International Conference on Software Engineering: Companion Proceedings (ICSE-Companion) (pp. 59-62). IEEE.	2019	ICSE	TRUE	TRUE	FALSE	FALSE	FALSE	FALSE	excluded					FALSE	FALSE				
R136	TRUE	JUF	Luo, X., Xue, Y., Xing, Z., & Sun, J. (2022, October). PRCBERT: Prompt Learning for Requirement Classification using BERT-based Pretrained Language Models. In 37th IEEE/ACM International Conference on Automated Software Engineering (pp. 1-13).	2022	ASE	TRUE	TRUE	TRUE	FALSE	FALSE	FALSE	included		PRCBERT	"Prompt learning for Requirement Classification using BERT (PRCBERT), which applies flexible prompt templates to achieve accurate classification of software requirements"		FALSE	FALSE	Unknown	Unavailable	Multiple	Classification
R137	TRUE	MUN	Gao, H., Kuang, H., Sun, K., Ma, X., Egyed, A., Mäder, P., ... & Zhang, H. (2022, October). Using Consensual Biterms from Text Structures of Requirements and Code to Improve IR-Based Traceability Recovery. In 37th IEEE/ACM International Conference on Automated Software Engineering (pp. 1-1).	2022	ASE	TRUE	TRUE	TRUE	FALSE	FALSE	FALSE	included		TAROT	A framework (consists of several steps) to recover tracelinks between requirements and source code.	https://github.com/huiAlex/TAROT	TRUE	FALSE	None	Reachable	Management	Tracing & Relating
R138	TRUE	JUF	Luo, Y., Zhang, X. Y., Arcaini, P., Jin, Z., Zhao, H., Ishikawa, F., ... & Xie, T. (2021, November). Targeting requirements violations of autonomous driving systems by dynamic evolutionary search. In 2021 36th IEEE/ACM International Conference on Automated Software Engineering (ASE) (pp. 279-291). IEEE.	2021	ASE	TRUE	TRUE	FALSE	FALSE	FALSE	FALSE	excluded					FALSE	FALSE				
R139	TRUE	JUF	Li, M., Shi, L., Yang, Y., & Wang, Q. (2020, December). A deep multitask learning approach for requirements discovery and annotation from open forum. In Proceedings of the 35th IEEE/ACM International Conference on Automated Software Engineering (pp. 336-348).	2020	ASE	TRUE	TRUE	TRUE	FALSE	FALSE	FALSE	included		DEMAR	"DEep Multitask LeArning for Requirements Discovery and Annotation", a tool for automated requirements discovery and requirements annotation	https://github.com/DEMAR-requirements/DEMAR	TRUE	FALSE	None	Reachable	Elicitation	Classification
R140	TRUE	MUN	Frattini, J., Junker, M., Unterkalmsteiner, M., & Mendez, D. (2020, December). Automatic extraction of cause-effect-relations from requirements artifacts. In Proceedings of the 35th IEEE/ACM International Conference on Automated Software Engineering (pp. 561-572).	2020	ASE	TRUE	TRUE	TRUE	FALSE	FALSE	FALSE	included		cerec (cause-effect recognition system)	A tool to train/test the detection/creation of cause-effect graphs from requirements.	https://zenodo.org/record/4009160#.X0zuUYtCRPY	TRUE	FALSE	CC4.0	Archived	Modeling	Transformation
R141	TRUE	JUF	Kolthoff, K., Bartelt, C., & Ponzetto, S. P. (2020, December). GUI2WiRe: rapid wireframing with a mined and large-scale GUI repository using natural language requirements. In Proceedings of the 35th IEEE/ACM International Conference on Automated Software Engineering (pp. 1297-1301).	2020	ASE	TRUE	TRUE	TRUE	FALSE	FALSE	FALSE	included		GUI2WiRE	A "GUI prototyping and wire-framing tool that enables users to retrieve GUI prototypes from a large-scale semi-automatically created GUI repository for mobile applications using NL queries in the form of simple keyword-based searches or [user stories]"		FALSE	FALSE	Unknown	Unavailable	Modeling	Search & Retrieval
R142	TRUE	JUF	Huang, Y., Feng, J., Zheng, H., Zhu, J., Wang, S., Jiang, S., ... & Pu, G. (2019, November). Prema: a tool for precise requirements editing, modeling and analysis. In 2019 34th IEEE/ACM International Conference on Automated Software Engineering (ASE) (pp. 1166-1169). IEEE.	2019	ASE	TRUE	TRUE	FALSE	FALSE	FALSE	FALSE	excluded					FALSE	FALSE				
R143	TRUE	JUF	Guerra-García, C., Nikiforova, A., Jiménez, S., Perez-Gonzalez, H. G., Ramírez-Torres, M., & Ontañon-García, L. (2023). ISO/IEC 25012-based methodology for managing data quality requirements in the development of information systems: Towards Data Quality by Design. Data & Knowledge Engineering, 145, 102152.	2023	DKE	FALSE	TRUE	FALSE	FALSE	FALSE	FALSE	excluded	This paper talks about requirements for data quality, not about actual software or system requirements				FALSE	FALSE				
R144	TRUE	JUF	Danenas, P., Skersys, T., & Butleris, R. (2020). Natural language processing-enhanced extraction of SBVR business vocabularies and business rules from UML use case diagrams. Data & Knowledge Engineering, 128, 101822.	2020	DKE	TRUE	TRUE	TRUE	FALSE	FALSE	FALSE	included	Requirements are not explicitly mentioned, but "textual specifications of business domain knowledge, system design, and other aspects of the project" which is sufficiently close.	SBVR Extractor	A tool that extracts business vocabularies and business rules from UML use case diagrams using a custom-trained POS tagger.	https://github.com/paudan/sbvr-extraction	TRUE	FALSE	Apache 2.0	Open Source	Modeling	Extraction
R145	TRUE	JUF	Baizal, Z. K. A., Widyantoro, D. H., & Maulidevi, N. U. (2020). Computational model for generating interactions in conversational recommender system based on product functional requirements. Data & Knowledge Engineering, 128, 101813.	2020	DKE	FALSE	TRUE	TRUE	FALSE	FALSE	FALSE	excluded					FALSE	FALSE				
R146	TRUE	DFU	Omar, M., & Baryannis, G. (2020). Semi-automated development of conceptual models from natural language text. Data & Knowledge Engineering, 127, 101796.	2020	DKE	TRUE	TRUE	TRUE	FALSE	FALSE	FALSE	included		SACMES	SACMES learns from the natural language specifications that it processes and stores the information that is learnt in a conceptual model ontology and a user history knowledge database. It then uses the stored information to improve performance and reduce the need for human intervention		FALSE	FALSE	Unknown	Unavailable	Modeling	Extraction
R147	TRUE	JUF	Dalpiaz, F., & Parente, M. (2019). RE-SWOT: from user feedback to requirements via competitor analysis. In Requirements Engineering: Foundation for Software Quality: 25th International Working Conference, REFSQ 2019, Essen, Germany, March 18–21, 2019, Proceedings 25 (pp. 55-70). Springer International Publishing.	2019	REFSQ	TRUE	TRUE	TRUE	FALSE	FALSE	FALSE	included		RE-SWOT	A tool that generates requirements from user reviews through competitor analysis by using feature identification.	https://github.com/RELabUU/RE-SWOT	TRUE	FALSE	None	Reachable	Elicitation	Extraction
R148	TRUE	DFU	Falkner, A., Palomares, C., Franch, X., Schenner, G., Aznar, P., & Schoerghuber, A. (2019). Identifying requirements in requests for proposal: A research preview. In Requirements Engineering: Foundation for Software Quality: 25th International Working Conference, REFSQ 2019, Essen, Germany, March 18–21, 2019, Proceedings 25 (pp. 176-182). Springer International Publishing.	2019	REFSQ	TRUE	TRUE	TRUE	FALSE	FALSE	FALSE	included		ORCS	classifies parts of specifications into prose or actual requirements	https://github.com/OpenReqEU/requirements-classifier	TRUE	FALSE	EPL	Open Source	Analysis	Classification
R149	TRUE	JUF	Fischbach, J., Frattini, J., Spaans, A., Kummeth, M., Vogelsang, A., Mendez, D., & Unterkalmsteiner, M. (2021). Automatic detection of causality in requirement artifacts: the cira approach. In Requirements Engineering: Foundation for Software Quality: 27th International Working Conference, REFSQ 2021, Essen, Germany, April 12–15, 2021, Proceedings 27 (pp. 19-36). Springer International Publishing.	2021	REFSQ	TRUE	TRUE	TRUE	FALSE	FALSE	FALSE	included		CiRA Classifier	A tool that classifies a natural language requirements sentence as either causal or non-causal by leveraging a fine-tuned BERT model.	https://zenodo.org/record/8033347	TRUE	FALSE	Apache 2.0	Archived	Validation & Verification	Classification
R150	TRUE	MUN	Schlutter, A., & Vogelsang, A. (2021). Improving Trace Link Recovery using Semantic Relation Graphs and Spreading Activation. In Requirements Engineering: Foundation for Software Quality: 27th International Working Conference, REFSQ 2021, Essen, Germany, April 12–15, 2021, Proceedings 27 (pp. 37-53). Springer International Publishing.	2021	REFSQ	FALSE	FALSE	FALSE	FALSE	FALSE	TRUE	excluded					FALSE	FALSE				
R151	TRUE	JUF	Zaki-Ismail, A., Osama, M., Abdelrazek, M., Grundy, J., & Ibrahim, A. (2021, April). Corg: A component-oriented synthetic textual requirements generator. In International Working Conference on Requirements Engineering: Foundation for Software Quality (pp. 54-70). Cham: Springer International Publishing.	2021	REFSQ	FALSE	TRUE	TRUE	FALSE	FALSE	FALSE	excluded	Curious case: the output of this tool are diverse requirements meant for evaluation of other tools. It is therefore a tool meant for researchers, not for practitioners.				FALSE	FALSE				
R152	TRUE	MUN	Rasiman, R., Dalpiaz, F., & España, S. (2022, March). How effective is automated trace link recovery in model-driven development?. In International Working Conference on Requirements Engineering: Foundation for Software Quality (pp. 35-51). Cham: Springer International Publishing.	2022	REFSQ	TRUE	TRUE	TRUE	FALSE	FALSE	FALSE	included		LCDTrace	Recovers trace links between Jira issues (requirements) and revisions (changes to models)	https://doi.org/10.23644/uu.19087685.v1	TRUE	FALSE	CC4.0	Archived	Management	Tracing & Relating
R153	TRUE	JUF	Cherukuri, H., Ferrari, A., & Spoletini, P. (2022, March). Towards explainable formal methods: From LTL to natural language with neural machine translation. In International Working Conference on Requirements Engineering: Foundation for Software Quality (pp. 79-86). Cham: Springer International Publishing.	2022	REFSQ	TRUE	TRUE	TRUE	FALSE	FALSE	FALSE	included		LTL2NL	A tool converting linear temporal logic (LTL) formula into natural language descriptions using a neural machine translation tool (OpenNMT)		FALSE	FALSE	Unknown	Unavailable	Modeling	Transformation
R154	TRUE	JUF	Nayak, A., Timmapathini, H. P., Murali, V., Ponnalagu, K., Venkoparao, V. G., & Post, A. (2022, March). Req2Spec: Transforming software requirements into formal specifications using natural language processing. In International Working Conference on Requirements Engineering: Foundation for Software Quality (pp. 87-95). Cham: Springer International Publishing.	2022	REFSQ	TRUE	TRUE	TRUE	FALSE	FALSE	FALSE	included		Req2Spec	A tool that converts natural language requirements into formal specifications (for the Hanfor tool) using named entity recognition.		FALSE	FALSE	Unknown	Unavailable	Modeling	Transformation
R155	TRUE	JUF	Spijkman, T., de Bondt, X., Dalpiaz, F., & Brinkkemper, S. (2023, April). Summarization of Elicitation Conversations to Locate Requirements-Relevant Information. In International Working Conference on Requirements Engineering: Foundation for Software Quality (pp. 122-139). Cham: Springer Nature Switzerland.	2023	REFSQ	TRUE	TRUE	TRUE	FALSE	FALSE	FALSE	included		RECONSUM	A tool that takes a transcribed requirements conversation (e.g., interview session) and filters for requirements-relevant information using domain corpora.	https://github.com/RELabUU/REConSum	TRUE	FALSE	MPL-2.0	Open Source	Elicitation	Extraction
R156	TRUE	JUF	Mosquera, D., Ruiz, M., Pastor, O., & Spielberger, J. (2023, April). Ontology-Based Automatic Reasoning and NLP for Tracing Software Requirements into Models with the OntoTrace Tool. In International Working Conference on Requirements Engineering: Foundation for Software Quality (pp. 140-158). Cham: Springer Nature Switzerland.	2023	REFSQ	TRUE	TRUE	TRUE	FALSE	FALSE	FALSE	included		OntoTraceV2.0	A tool creating traces between arbitrary software artefacts using text-based similarity and ontology-based reasoning.		FALSE	FALSE	Unknown	Unavailable	Management	Tracing & Relating
R157	TRUE	JUF	Dopazo, D. A., Pelayo, V. M., & Fuster, G. G. (2021). An automatic methodology for the quality enhancement of requirements using genetic algorithms. Information and Software Technology, 140, 106696.	2021	IST	TRUE	TRUE	TRUE	FALSE	FALSE	FALSE	included		Requirements Rewriter	A tool that classifies the quality of a natural language requirement as either good or bad and then improves a detected bad requirement using genetic algorithms		FALSE	FALSE	Unknown	Unavailable	Analysis	Transformation
R158	TRUE	JUF	Kifetew, F. M., Perini, A., Susi, A., Siena, A., Muñante, D., & Morales-Ramirez, I. (2021). Automating user-feedback driven requirements prioritization. Information and Software Technology, 138, 106635.	2021	IST	TRUE	TRUE	TRUE	FALSE	FALSE	FALSE	included		ReFeed	A tool that associates a requirement to a set of related user feedback, extracts relevant properties, and prioritizes the requirement based on this. The tool uses an ontology containing domain knowledge and NLP techniques.	https://github.com/se-fbk/ReFeed	TRUE	FALSE	Apache 2.0	Open Source	Management	Extraction
R159	TRUE	JUF	Giannakopoulou, D., Pressburger, T., Mavridou, A., & Schumann, J. (2021). Automated formalization of structured natural language requirements. Information and Software Technology, 137, 106590.	2021	IST	TRUE	TRUE	FALSE	FALSE	FALSE	FALSE	excluded	The tool uses Fretish as an input, with is a constrained language				FALSE	FALSE				
R160	TRUE	MUN	Javed, M., & Lin, Y. (2021). iMER: Iterative process of entity relationship and business process model extraction from the requirements. Information and Software Technology, 135, 106558.	2021	IST	TRUE	TRUE	TRUE	FALSE	FALSE	FALSE	included		iMER (iterative Model Extraction from Requirements)	Extracts information (entities and attributes, relationships and cardinalities) from requirements (general, use case specification, user stories) to create entity relationship models and business process models.		FALSE	FALSE	Unknown	Unavailable	Modeling	Extraction
R161	TRUE	MUN	Lian, X., Liu, W., & Zhang, L. (2020). Assisting engineers extracting requirements on components from domain documents. Information and Software Technology, 118, 106196.	2020	IST	TRUE	TRUE	TRUE	FALSE	FALSE	FALSE	included		MaRK-II (Mine Requirements Knowledge)	Takes domain documents as input and ranks them according to their relevance w.r.t. existing software components. Additionally, summarizes compenents descriptions and highlights relevant sections in domain documents. That output can be used to elicit new requirements.	https://github.com/lawenliu/MaRK	TRUE	FALSE	Apache 2.0	Open Source	Elicitation	Extraction
R162	TRUE	JUF	Dalpiaz, F., Van Der Schalk, I., Brinkkemper, S., Aydemir, F. B., & Lucassen, G. (2019). Detecting terminological ambiguity in user stories: Tool and experimentation. Information and Software Technology, 110, 3-16.	2019	IST	TRUE	TRUE	TRUE	FALSE	FALSE	FALSE	included		REVV-Light	A tool that identifies near-synonyms of natural language requirements using conceptual model extraction and semantic similarity	https://github.com/RELabUU/revv-light	TRUE	FALSE	None	Reachable	Analysis	Extraction
R163	TRUE	JUF	Hotomski, S., & Glinz, M. (2019). GuideGen: An approach for keeping requirements and acceptance tests aligned via automatically generated guidance. Information and Software Technology, 110, 17-38.	2019	IST	TRUE	TRUE	TRUE	FALSE	FALSE	FALSE	included		GuideGen	"GuideGen analyzes changes in textual requirements and automatically generates guidance on how to modify affected acceptance tests" (assuming that a trace link between them exists)		FALSE	FALSE	Unknown	Unavailable	Validation & Verification	Extraction
R164	TRUE	MUN	Ali, N., Cai, H., Hamou-Lhadj, A., & Hassine, J. (2019). Exploiting Parts-of-Speech for effective automated requirements traceability. Information and software technology, 106, 126-141.	2019	IST	TRUE	TRUE	TRUE	FALSE	FALSE	FALSE	included	Not sure if they released source code. When they mention the link in a footnote, they refer to the data of the experiment only.	ConPOS	Uses constraint-based pruning to selectively remove Part-of-Speech elements to improve trace link recovery.	http://factrace.net/nasir/emse/	TRUE	FALSE	Unknown	Broken	Management	Tracing & Relating
R165	TRUE	JUF	Bhatia, K., & Sharma, A. (2021, March). Sector classification for crowd-based software requirements. In Proceedings of the 36th Annual ACM Symposium on Applied Computing (pp. 1312-1320).	2021	SAC	TRUE	TRUE	TRUE	FALSE	FALSE	FALSE	included		Sector Classification	A tool that classifies a set of crowd-based software requirements into data classes using RoBERTa.	https://github.com/kush1198/Sector-Classification	TRUE	FALSE	None	Reachable	Elicitation	Classification
R166	TRUE	MUN	de Araújo, A. F., & Marcacini, R. M. (2021, March). Re-bert: automatic extraction of software requirements from app reviews using bert language model. In Proceedings of the 36th Annual ACM Symposium on Applied Computing (pp. 1321-1327).	2021	SAC	TRUE	TRUE	TRUE	FALSE	FALSE	FALSE	included		RE-BERT (Requirements Engineering using Bidirectional Encoder Representations from Transformers)	Requirements extraction from app reviews using a fine-tuned BERT model on requirements artifacts.	https://github.com/adailtonaraujo/RE-BERT	TRUE	FALSE	MIT	Open Source	Elicitation	Extraction
R167	TRUE	MUN	Zhi, Y., Li, T., & Yang, Z. (2021, March). Extracting features from app descriptions based on POS and dependency. In Proceedings of the 36th Annual ACM Symposium on Applied Computing (pp. 1354-1358).	2021	SAC	TRUE	TRUE	TRUE	FALSE	FALSE	FALSE	included		POS-weighted sentence classifier	Feature extraction from app descriptions using BERT and POS dependencies.		FALSE	FALSE	Unknown	Unavailable	Elicitation	Extraction
R168	TRUE	JUF	Hammoudi, M., Mayr-Dorn, C., Mashkoor, A., & Egyed, A. (2021, March). On the effect of incompleteness to check requirement-to-method traces. In Proceedings of the 36th Annual ACM Symposium on Applied Computing (pp. 1465-1474).	2021	SAC	TRUE	FALSE	FALSE	FALSE	FALSE	FALSE	excluded	Paper evaluating the impact of missing/incomplete traces				FALSE	FALSE				
R169	TRUE	JUF	Meroni, G., Mizmizi, M., Plebani, P., & Reggiani, L. (2020, March). Improving mobile business process monitoring with enhanced NFV MANO: a method to elicit connectivity requirements from process models. In Proceedings of the 35th Annual ACM Symposium on Applied Computing (pp. 69-76).	2020	SAC	TRUE	TRUE	FALSE	FALSE	FALSE	FALSE	excluded					FALSE	FALSE				
R170	TRUE	JUF	Sarmiento-Calisaya, E., Cárdenas, E. H., Cornejo-Aparicio, V., & Alzamora, G. S. (2020, March). Towards the improvement of natural language requirements descriptions: the C&L tool. In Proceedings of the 35th Annual ACM Symposium on Applied Computing (pp. 1405-1413).	2020	SAC	TRUE	TRUE	TRUE	FALSE	FALSE	FALSE	included		C&L	A tool that automatic analysis of scenario-driven requirements using a Petri-Net strategy.	https://github.com/edgarsc22/WACeL-Java	TRUE	FALSE	None	Reachable	Analysis	Detection
R171	TRUE	JUF	Stach, C., & Steimle, F. (2019, April). Recommender-based privacy requirements elicitation-EPICUREAN: an approach to simplify privacy settings in IoT applications with respect to the GDPR. In Proceedings of the 34th ACM/SIGAPP Symposium on Applied Computing (pp. 1500-1507).	2019	SAC	TRUE	FALSE	TRUE	FALSE	FALSE	FALSE	excluded	The EPICUREAN approach is yet a prototypical proposal, not yet a full tool				FALSE	FALSE				
R172	TRUE	JUF	Gaither, D., Madala, K., Do, H., & Bryant, B. R. (2019, April). VeriCCM: improving the syntax and semantics of requirements models. In Proceedings of the 34th ACM/SIGAPP Symposium on Applied Computing (pp. 1881-1884).	2019	SAC	TRUE	TRUE	FALSE	FALSE	FALSE	FALSE	excluded					FALSE	FALSE				
R173	TRUE	JUF	Yazdani Seqerloo, A., Amiri, M. J., Parsa, S., & Koupaee, M. (2019). Automatic test cases generation from business process models. Requirements engineering, 24, 119-132.	2019	REJ	TRUE	TRUE	FALSE	FALSE	FALSE	FALSE	excluded					FALSE	FALSE				
R174	TRUE	DFU	Westman, J., & Nyberg, M. (2019). Providing tool support for specifying safety-critical systems by enforcing syntactic contract conditions. Requirements Engineering, 24, 231-256.	2019	REJ	TRUE	TRUE	FALSE	FALSE	FALSE	FALSE	excluded					FALSE	FALSE				
R175	TRUE	JUF	Moitra, A., Siu, K., Crapo, A. W., Durling, M., Li, M., Manolios, P., ... & McMillan, C. (2019). Automating requirements analysis and test case generation. Requirements Engineering, 24, 341-364.	2019	REJ	TRUE	TRUE	FALSE	FALSE	FALSE	FALSE	excluded					FALSE	FALSE				
R176	TRUE	JUF	Ko, D., Kim, S., & Park, S. (2019). Automatic recommendation to omitted steps in use case specification. Requirements Engineering, 24, 431-458.	2019	REJ	TRUE	TRUE	TRUE	FALSE	FALSE	FALSE	included		ScenarioAmigo	A tool to automatically recommend omitted steps of a use case description based on scenario patterns.	https://github.com/maniara/ScenarioAmigo	TRUE	FALSE	None	Reachable	Analysis	Generation
R177	TRUE	JUF	Alrezaamiri, H., Ebrahimnejad, A., & Motameni, H. (2020). Parallel multi-objective artificial bee colony algorithm for software requirement optimization. Requirements Engineering, 25, 363-380.	2020	REJ	TRUE	TRUE	FALSE	FALSE	FALSE	FALSE	excluded					FALSE	FALSE				
R178	TRUE	JUF	Madala, K., Piparia, S., Blanco, E., Do, H., & Bryce, R. (2021). Model elements identification using neural networks: a comprehensive study. Requirements Engineering, 26, 67-96.	2020	REJ	TRUE	TRUE	TRUE	FALSE	FALSE	FALSE	included		Requirements Model Translator	A tool to automatically translate natural language requirements into models using four types of neural networks		FALSE	FALSE	Unknown	Unavailable	Modeling	Extraction
R179	TRUE	JUF	del Sagrado, J., & del Águila, I. M. (2021). Assisted requirements selection by clustering. Requirements Engineering, 26(2), 167-184.	2021	REJ	TRUE	TRUE	FALSE	FALSE	FALSE	FALSE	excluded					FALSE	FALSE				
R180	TRUE	JUF	Sadi, M. H., & Yu, E. (2021). RAPID: a knowledge-based assistant for designing web APIs. Requirements Engineering, 26, 185-236.	2021	REJ	TRUE	TRUE	TRUE	FALSE	FALSE	FALSE	included		RAPID	Rational API Designer, "a novel conversational assistant that aids software developers in addressing non-functional requirements in the design of web APIs."	https://github.com/m-h-s/RAPID	TRUE	FALSE	CC0	Open Source	Elicitation	Search & Retrieval
R181	TRUE	JUF	Shi, L., Chen, C., Wang, Q., & Boehm, B. (2021). Automatically detecting feature requests from development emails by leveraging semantic sequence mining. Requirements Engineering, 26, 255-271.	2021	REJ	TRUE	TRUE	TRUE	FALSE	FALSE	FALSE	included		FRAD	A tool to automatically extract feature requests from development emails by using semantic sequence patterns	http://39.104.76.212:8082/	FALSE	FALSE	Unknown	Broken	Elicitation	Extraction
R182	TRUE	JUF	Wang, Y., Li, T., Zhou, Q., & Du, J. (2021). Toward practical adoption of i* framework: an automatic two-level layout approach. Requirements Engineering, 1-23.	2021	REJ	TRUE	TRUE	FALSE	FALSE	FALSE	FALSE	excluded					FALSE	FALSE				
R183	TRUE	JUF	Thabet, R., Bork, D., Boufaied, A., Lamine, E., Korbaa, O., & Pingaud, H. (2021). Risk-aware business process management using multi-view modeling: method and tool. Requirements Engineering, 26, 371-397.	2021	REJ	TRUE	TRUE	FALSE	FALSE	FALSE	FALSE	excluded					FALSE	FALSE				
R184	TRUE	JUF	Bouskela, D., Falcone, A., Garro, A., Jardin, A., Otter, M., Thuy, N., & Tundis, A. (2022). Formal requirements modeling for cyber-physical systems engineering: An integrated solution based on FORM-L and Modelica. Requirements Engineering, 27(1), 1-30.	2022	REJ	TRUE	TRUE	FALSE	FALSE	FALSE	FALSE	excluded					FALSE	FALSE				
R185	TRUE	MUN	Lapeña, R., Pérez, F., Cetina, C., & Pastor, Ó. (2022). Leveraging BPMN particularities to improve traceability links recovery among requirements and BPMN models. Requirements Engineering, 1-26.	2022	REJ	TRUE	TRUE	TRUE	FALSE	FALSE	FALSE	included	The source in the paper points to https://bitbucket.org/svitusj/ which is the workspace of the research group and not the actual repo for the prototype mentioned in the paper. The link I found seems to be the correct repo (given the name of the directories and the context from the paper). The name (FLAME) is not mentioned in the paper, but is the name of the repository. Successor paper of R195.	FLAME 	Creates trace links between requirements and BPMN models.	https://bitbucket.org/svitusj/flame/	TRUE	FALSE	None	Reachable	Management	Tracing & Relating
R186	TRUE	JUF	Levy, Y., Stern, R., Sturm, A., Mordoch, A., & Bitan, Y. (2022). An impact-driven approach to predict user stories instability. Requirements Engineering, 27(2), 231-248.	2022	REJ	TRUE	TRUE	TRUE	FALSE	FALSE	FALSE	included		User Story Instability Predictor	A tool that predicts the instability (i.e., number of potential changes) of a user story	https://zenodo.org/record/5822986	TRUE	FALSE	CC4.0	Archived	Analysis	Extraction
R187	TRUE	JUF	Wang, Y., Shi, L., Li, M., Wang, Q., & Yang, Y. (2022). Detecting coreferent entities in natural language requirements. Requirements Engineering, 27(3), 351-373.	2022	REJ	FALSE	FALSE	FALSE	FALSE	FALSE	TRUE	excluded	Extension of R066				FALSE	FALSE				
R188	TRUE	JUF	Wouters, J., Menkveld, A., Brinkkemper, S., & Dalpiaz, F. (2022). Crowd-based requirements elicitation via pull feedback: method and case studies. Requirements Engineering, 1-27.	2022	REJ	TRUE	FALSE	FALSE	FALSE	FALSE	FALSE	excluded					FALSE	FALSE				
R189	TRUE	JUF	Abbas, M., Ferrari, A., Shatnawi, A., Enoiu, E., Saadatmand, M., & Sundmark, D. (2023). On the relationship between similar requirements and similar software: A case study in the railway domain. Requirements Engineering, 28(1), 23-47.	2023	REJ	FALSE	TRUE	TRUE	FALSE	FALSE	FALSE	excluded					FALSE	FALSE				
R190	TRUE	JUF	Frattini, J., Fischbach, J., Mendez, D., Unterkalmsteiner, M., Vogelsang, A., & Wnuk, K. (2023). Causality in requirements artifacts: prevalence, detection, and impact. Requirements Engineering, 28(1), 49-74.	2023	REJ	FALSE	FALSE	FALSE	FALSE	FALSE	TRUE	excluded	Extension of R149				FALSE	FALSE				
R191	TRUE	MUN	Abdeen, W., Chen, X., & Unterkalmsteiner, M. (2023). An approach for performance requirements verification and test environments generation. Requirements Engineering, 28(1), 117-144.	2023	REJ	TRUE	TRUE	FALSE	FALSE	FALSE	FALSE	excluded					FALSE	FALSE				
R192	TRUE	JUF	Pacheco, C., Garcia, I., Calvo-Manzano, J. A., & Reyes, M. (2023). Measuring and improving software requirements elicitation in a small-sized software organization: a lightweight implementation of ISO/IEC/IEEE 15939: 2017—systems and software engineering—measurement process. Requirements Engineering, 28(2), 257-281.	2023	REJ	TRUE	TRUE	FALSE	FALSE	FALSE	FALSE	excluded					FALSE	FALSE				
R193	TRUE	JUF	Arcaini, P., Gargantini, A., & Radavelli, M. (2019). Achieving change requirements of feature models by an evolutionary approach. Journal of Systems and Software, 150, 64-76.	2019	JSS	TRUE	TRUE	FALSE	FALSE	FALSE	FALSE	excluded					FALSE	FALSE				
R194	TRUE	JUF	Rojas, L. A., & Macías, J. A. (2019). Toward collisions produced in requirements rankings: A qualitative approach and experimental study. Journal of Systems and Software, 158, 110417.	2019	JSS	TRUE	FALSE	FALSE	FALSE	FALSE	FALSE	excluded					FALSE	FALSE				
R195	TRUE	MUN	Marcén, A. C., Lapeña, R., Pastor, O., & Cetina, C. (2020). Traceability link recovery between requirements and models using an evolutionary algorithm guided by a learning to rank algorithm: Train control and management case. Journal of Systems and Software, 163, 110519.	2020	JSS	FALSE	FALSE	FALSE	FALSE	FALSE	TRUE	excluded	Predecessor paper of R185.				FALSE	FALSE				
R196	TRUE	DFU	Li, T., & Chen, Z. (2020). An ontology-based learning approach for automatically classifying security requirements. Journal of Systems and Software, 165, 110566.	2020	JSS	TRUE	TRUE	TRUE	FALSE	FALSE	FALSE	included		Security Requirements Classifier	Machine learning approach to classify security requirements. Uses features extracted using NLP 		FALSE	FALSE	Unknown	Unavailable	Analysis	Classification
R197	TRUE	DFU	Kim, B. J., & Lee, S. W. (2020). Understanding and recommending security requirements from problem domain ontology: A cognitive three-layered approach. Journal of Systems and Software, 169, 110695.	2020	JSS	TRUE	TRUE	FALSE	FALSE	FALSE	FALSE	excluded					FALSE	FALSE				
R198	TRUE	JUF	Do, Q. A., Bhowmik, T., & Bradshaw, G. L. (2020). Capturing creative requirements via requirements reuse: A machine learning-based approach. Journal of Systems and Software, 170, 110730.	2020	JSS	TRUE	TRUE	TRUE	FALSE	FALSE	FALSE	included		Creative Requirements Reuser	A tool that reuses freely available software requirements for new software proposals in the application domain to generate candidate creative requirements automatically	https://github.com/aqd14/ICSR-2019	TRUE	FALSE	Apache 2.0	Open Source	Elicitation	Generation
R199	TRUE	MUN	Rajpathak, D., Peranandam, P. M., & Ramesh, S. (2022). Automatic development of requirement linking matrix based on semantic similarity for robust software development. Journal of Systems and Software, 186, 111211.	2022	JSS	TRUE	TRUE	TRUE	FALSE	FALSE	FALSE	included		Requirements linking matrix creator	Identifies relationships (high, low, no) between requirements and produces a requirement linking matrix.		FALSE	FALSE	Unknown	Unavailable	Management	Tracing & Relating
R200	TRUE	JUF	Giunta, B., Burnay, C., Maiden, N., & Faulkner, S. (2022). Creativity Triggers: Extension and empirical evaluation of their effectiveness during requirements elicitation. Journal of Systems and Software, 191, 111365.	2022	JSS	TRUE	FALSE	FALSE	FALSE	FALSE	FALSE	excluded					FALSE	FALSE				
R201	TRUE	JUF	del Sagrado, J., Ibañez, J. A. S., & del Águila, I. M. (2023). An Estimation of Distribution Algorithm based on interactions between requirements to solve the bi-objective Next Release Problem. Journal of Systems and Software, 199, 111632.	2023	JSS	TRUE	TRUE	FALSE	FALSE	FALSE	FALSE	excluded					FALSE	FALSE				
R202	TRUE	JUF	Fantechi, A., Gnesi, S., & Semini, L. (2023). VIBE: Looking for Variability In amBiguous rEquirements. Journal of Systems and Software, 195, 111540.	2023	JSS	TRUE	TRUE	TRUE	FALSE	FALSE	FALSE	included		VIBE	A tool for the identification of variability in requirements for software product lines.	https://github.com/Vibe-NLP/TooDY	TRUE	FALSE	MIT	Open Source	Elicitation	Detection